statename,rank,countryid,val2013,val2014,val2015,val2016
Alabama,0,World,19301.32,19450.4,19328.18,20422.13
Alabama,0,Top 25,17096.46,17318.52,17535.82,18537.02
Alabama,1,Canada,4304.87,4257.49,4072.1,4134.51
Alabama,2,China,2468.19,3126.07,3114.45,3273.45
Alabama,3,Germany,2232.92,2161.99,2478.4,3193.72
Alabama,4,Mexico,2226.47,2345.67,2887.13,2632.9
Alabama,5,United Kingdom,691.53,600.45,609.74,558.21
Alabama,6,Japan,685.69,593.05,519.44,525.68
Alabama,7,"Korea, South",552.11,599.66,464.04,508.35
Alabama,8,United Arab Emirates,184.06,225.53,283.43,468.07
Alabama,9,France,426.86,456.67,447.79,421.93
Alabama,10,Australia,301.18,288.4,266.87,297.87
Alabama,11,India,241.35,225.66,202.45,276.41
Alabama,12,Belgium,224.67,233.64,197.35,246.2
Alabama,13,Brazil,631.04,474.69,333.63,238.57
Alabama,14,Taiwan,125.45,110.14,86.68,198.88
Alabama,15,Saudi Arabia,181.34,128.81,193.89,174.84
Alabama,16,South Africa,183.63,212.41,178.91,174.39
Alabama,17,Colombia,204.14,215.32,187.19,174.13
Alabama,18,Netherlands,142.63,107.6,211.65,173.9
Alabama,19,Dominican Republic,135.54,103.48,127.71,153.06
Alabama,20,Singapore,217.75,142.7,142.78,139.21
Alabama,21,Hong Kong,168.51,183.07,136.05,125.37
Alabama,22,Italy,173.7,148.69,131.1,116.94
Alabama,23,Thailand,136.94,145.41,106.69,113.13
Alabama,24,Honduras,210.65,198.33,129.11,112.75
Alabama,25,Kuwait,45.25,33.59,27.22,104.59
Alaska,0,World,4527.82,5111.16,4619.7,4347.5
Alaska,0,Top 25,4439.96,4932.8,4549.73,4298.68
Alaska,1,China,1236.23,1467.37,1203.2,1181.35
Alaska,2,Japan,688.03,1014.54,964.12,815.69
Alaska,3,"Korea, South",705.25,672.74,733.19,731.63
Alaska,4,Canada,604.3,517.13,419.21,484.81
Alaska,5,Germany,289.08,322.85,279.24,256.92
Alaska,6,Spain,141.43,182.49,150.36,151.74
Alaska,7,Netherlands,111.85,104.26,119.05,134.56
Alaska,8,Malaysia,2.48,2.18,105.95,84.67
Alaska,9,Australia,62.05,111.16,85.8,73.55
Alaska,10,France,49.64,50.84,46.31,54.9
Alaska,11,Finland,42.57,64.64,56.8,44.59
Alaska,12,Belgium,64.86,63.44,49.36,37.35
Alaska,13,Mexico,7.38,9.75,7.7,35.88
Alaska,14,Italy,8.37,69.01,56.65,30.99
Alaska,15,Taiwan,16.43,15.31,104.46,29.34
Alaska,16,Thailand,41.13,41.46,48.79,26.71
Alaska,17,United Kingdom,27.96,40.34,40.68,25.65
Alaska,18,Nicaragua,0.05,0.35,0,20.5
Alaska,19,Lithuania,32.83,15.34,14.15,13.66
Alaska,20,Vietnam,1.5,6.43,5.94,12.75
Alaska,21,Hong Kong,23.91,17.99,11.29,12.7
Alaska,22,Ukraine,39.04,19.48,4.13,11.17
Alaska,23,Denmark,17.32,14.04,13.68,10.38
Alaska,24,Singapore,217.05,100.01,21.3,8.67
Alaska,25,Indonesia,9.22,9.65,8.38,8.51
Arizona,0,World,19478.29,21247.28,22655.35,22016.24
Arizona,0,Top 25,17990.21,19736.03,21213.9,20761.46
Arizona,1,Mexico,7070.8,8623.78,9161.95,8283.85
Arizona,2,Canada,2273.88,2254.04,2303.25,2138.75
Arizona,3,"Korea, South",227.46,308.44,364.44,1305.79
Arizona,4,China,1079.92,1019.4,1263.4,1210.43
Arizona,5,United Kingdom,875.01,1101.06,1066.38,857.75
Arizona,6,Germany,739.33,753.09,829.95,726.49
Arizona,7,Japan,856.04,663.04,545.16,635.77
Arizona,8,Singapore,432.5,487.71,406.19,525.66
Arizona,9,Thailand,464.3,511.09,602.1,493.75
Arizona,10,France,459.09,462.22,464,471.3
Arizona,11,Brazil,362.82,352.19,435.31,440.05
Arizona,12,Netherlands,368.31,330.22,423.7,419.18
Arizona,13,Malaysia,400.36,349.72,388.86,407.46
Arizona,14,Taiwan,392.08,482.45,430.59,396.22
Arizona,15,Hong Kong,567.38,350.42,420.42,386.78
Arizona,16,United Arab Emirates,216.57,135.78,203.13,284
Arizona,17,Saudi Arabia,113.09,246.04,249.03,264.1
Arizona,18,Ireland,105.04,204.85,255.63,243.96
Arizona,19,Australia,225.66,247.87,225.08,240.97
Arizona,20,Belgium,76.86,117.9,166.18,224.41
Arizona,21,Switzerland,210.92,223.52,234.05,221.38
Arizona,22,Israel,156.45,236.6,252.75,220.69
Arizona,23,Italy,175.9,159.3,345.41,156.84
Arizona,24,India,103.26,73.13,102.72,114.37
Arizona,25,Spain,37.17,42.19,74.23,91.53
Arkansas,0,World,7160.84,6866.25,5869.47,5707.47
Arkansas,0,Top 25,6087.83,5513.59,5011.84,5016.4
Arkansas,1,Canada,1570.83,1423.37,1205.91,1163.51
Arkansas,2,France,604.91,439.18,464.94,783.24
Arkansas,3,Mexico,877.69,754.24,843.82,684.75
Arkansas,4,Japan,193.64,330.21,531.52,280.68
Arkansas,5,China,683.49,436.88,202.61,274.65
Arkansas,6,Singapore,133.38,191.24,250.34,184.01
Arkansas,7,"Korea, South",162.82,175.95,154.21,145.93
Arkansas,8,Australia,161.47,90.47,89.28,144.77
Arkansas,9,United Kingdom,152.45,170.64,169.63,142.82
Arkansas,10,United Arab Emirates,45.1,40.75,71.97,141.83
Arkansas,11,Belgium,173.52,158.48,133.74,125.98
Arkansas,12,Hong Kong,273.72,117.21,100.38,112.57
Arkansas,13,Netherlands,49.01,63.37,118.7,99.17
Arkansas,14,Germany,202.28,170.67,102.63,77.28
Arkansas,15,Guatemala,60.24,68.15,67.65,71.65
Arkansas,16,Switzerland,51.54,44.75,6.05,71.15
Arkansas,17,Taiwan,78,73.58,77.93,70.18
Arkansas,18,Colombia,57.42,73.74,71.44,62.59
Arkansas,19,Italy,39.77,35.74,44.63,60.24
Arkansas,20,Brazil,205.04,241.24,132.82,59.96
Arkansas,21,Saudi Arabia,78.2,58.58,60.24,56.04
Arkansas,22,Denmark,17.97,81.98,15.43,54.4
Arkansas,23,Haiti,44.22,41.62,44.5,50.79
Arkansas,24,El Salvador,62.35,55.89,51.39,50.49
Arkansas,25,British Virgin Islands,108.78,175.64,0.05,47.73
California,0,World,168191.55,173868.59,165379.58,163512.85
California,0,Top 25,147928.18,151359.43,146635.66,145057.22
California,1,Mexico,23911.01,25450.08,26787.77,25266.1
California,2,Canada,18884.8,18334.79,17262.18,16237.08
California,3,China,16295.19,16068.57,14384.75,14340.83
California,4,Japan,12739.04,12209.6,11743,11765.7
California,5,Hong Kong,7791.65,8533.14,8761.15,9661.97
California,6,"Korea, South",8368.05,8600.54,8683.49,8213.56
California,7,Taiwan,7521.48,7461.78,7727.42,6984.64
California,8,Netherlands,4805.82,5352.93,5634.24,5459.97
California,9,United Kingdom,4600.87,4985.74,5149.62,5432.87
California,10,Germany,5590.58,5428.98,5344.66,5352.38
California,11,India,5263.88,5270.54,4568.4,5129.29
California,12,Singapore,4162.2,4443.92,3925.9,3889.2
California,13,Australia,3672.71,3795.03,3435.92,3371.22
California,14,France,2640.51,2726.25,2685.85,2985.23
California,15,Belgium,3244.45,3474.75,2940.8,2955.65
California,16,Vietnam,1108.05,1206.41,1247.21,2571.04
California,17,Israel,2321.53,2320.12,1790.48,2033.94
California,18,Switzerland,1953.99,2515.02,2008.04,2031.31
California,19,Italy,1991.52,2101.08,2011.67,1993.69
California,20,Malaysia,2361.81,2278.74,1823.99,1830.67
California,21,Brazil,2108.45,1952.95,1547.67,1641.42
California,22,United Arab Emirates,1651.48,1911.32,2425.02,1522.34
California,23,Spain,1430.76,1558.89,1675.29,1516.96
California,24,Thailand,1806.12,1803.32,1693.26,1492.39
California,25,Philippines,1702.21,1574.97,1377.88,1377.76
Colorado,0,World,8545.01,8363.71,7950.33,7580.28
Colorado,0,Top 25,7625.95,7462.97,7123.37,6803.17
Colorado,1,Canada,2062.87,1645.24,1408.4,1356.84
Colorado,2,Mexico,917.25,1069.06,1077.44,1069.41
Colorado,3,China,658.64,653.4,659.23,589.46
Colorado,4,Japan,440.96,508.94,466.7,444.11
Colorado,5,"Korea, South",340.5,334.93,332.83,400
Colorado,6,Malaysia,274.3,337.07,356.02,366.65
Colorado,7,Germany,239.9,253.63,261.65,326.31
Colorado,8,Switzerland,328.96,234.46,249.98,230.35
Colorado,9,Netherlands,304.48,341.14,290.08,228.37
Colorado,10,United Kingdom,211.07,222.3,261.42,219.85
Colorado,11,Hong Kong,250.3,258.63,237.98,207.05
Colorado,12,Taiwan,182.93,191.76,205.85,205.46
Colorado,13,Australia,181.15,167.35,155.2,142.83
Colorado,14,Philippines,195.73,200.04,162.26,142.56
Colorado,15,France,150.82,145.76,133.29,139.4
Colorado,16,Belgium,171.1,207.94,161.82,125.76
Colorado,17,Brazil,185.13,167.4,98.35,102.55
Colorado,18,India,111.68,88.65,92.58,82.07
Colorado,19,Singapore,88.09,83.86,71.02,80.27
Colorado,20,Italy,62.4,64.36,83.21,70.35
Colorado,21,Thailand,70.81,63.47,62.76,67.88
Colorado,22,United Arab Emirates,74.36,99.18,134.85,58.88
Colorado,23,Ireland,40.4,27.03,66.63,52.3
Colorado,24,Indonesia,33.74,33.83,35.45,50.29
Colorado,25,Chile,48.37,63.55,58.37,44.17
Connecticut,0,World,16426.68,15962.84,15242.37,14394.22
Connecticut,0,Top 25,14388.89,14017.11,13676.18,13149.8
Connecticut,1,France,2425.34,2213.27,1942.95,1953.29
Connecticut,2,Germany,1397.19,1715.63,1654.33,1641.65
Connecticut,3,Canada,1909.68,1939.35,1623.05,1636.08
Connecticut,4,United Arab Emirates,1212.08,1141.96,1592.08,1241.81
Connecticut,5,Mexico,1213.26,1280.71,1319.11,1060.49
Connecticut,6,United Kingdom,693.8,721.38,885.38,893.21
Connecticut,7,China,912.51,907.26,1028.88,798.36
Connecticut,8,Japan,527.59,540.84,526.53,526.14
Connecticut,9,Netherlands,486.66,490.24,476.59,499.06
Connecticut,10,"Korea, South",569.26,659.88,457.53,364.66
Connecticut,11,Singapore,538.37,335.85,278.49,333.72
Connecticut,12,Belgium,238.02,226.45,259.92,241.81
Connecticut,13,Hong Kong,181.31,202.48,188.87,231.25
Connecticut,14,Qatar,243.57,200.45,103.56,217.79
Connecticut,15,Brazil,318.08,308.87,244.62,213.86
Connecticut,16,Switzerland,170.31,175.65,161.19,204.22
Connecticut,17,Israel,115.31,102.58,118.73,148.64
Connecticut,18,Taiwan,128.32,122.71,115.12,138.09
Connecticut,19,Spain,79.08,52.62,86.91,131.72
Connecticut,20,Dominican Republic,129.35,122.84,138.27,124.09
Connecticut,21,Malaysia,311.5,139.78,113.14,116.57
Connecticut,22,Australia,160.96,104.89,104.43,113.98
Connecticut,23,Italy,146.03,141.86,111.24,111.5
Connecticut,24,Turkey,228.52,122.19,103.93,103.9
Connecticut,25,Thailand,52.77,47.36,41.34,103.9
Delaware,0,World,5327.27,5267.42,5407.85,4532.42
Delaware,0,Top 25,4683.89,4570.9,4866.24,4076.48
Delaware,1,United Kingdom,494.52,488.25,882.35,549.3
Delaware,2,Canada,748.16,627.78,579.48,544.2
Delaware,3,United Arab Emirates,241.28,291.81,387.23,381.68
Delaware,4,Saudi Arabia,254.49,184.68,704.67,373.96
Delaware,5,China,449.41,456.01,387.46,340.82
Delaware,6,Germany,241.63,390.62,262.87,310.96
Delaware,7,Japan,225.93,177.44,190.64,163.67
Delaware,8,Kuwait,52.09,48.86,160.43,155.69
Delaware,9,Mexico,126.79,107.01,153.15,143.06
Delaware,10,Belgium,908.28,869.38,131.76,140.12
Delaware,11,Singapore,105.47,143.01,112.05,112.49
Delaware,12,Australia,19.28,13.45,12.39,104.74
Delaware,13,Taiwan,95.17,111.64,95.59,97.61
Delaware,14,Hong Kong,56.58,112.62,152.75,77.83
Delaware,15,Argentina,13,8.71,7.66,65.47
Delaware,16,Brazil,95.43,88.27,83.25,63.56
Delaware,17,Netherlands,284.35,184.19,229.94,62.67
Delaware,18,"Korea, South",115.12,100.98,61.26,59.19
Delaware,19,Thailand,16.67,12.08,47.71,57.16
Delaware,20,Costa Rica,56.15,70.09,62.67,55.15
Delaware,21,Qatar,17.01,15.9,40.57,51.2
Delaware,22,Oman,12.81,17.93,43.93,49.78
Delaware,23,Bahamas,1,0.6,1.37,42.78
Delaware,24,India,42.42,48.26,38.46,39.81
Delaware,25,Sweden,10.85,1.36,36.6,33.58
District of Colombia,0,World,2707.7,940.23,1088.08,1330.67
District of Colombia,0,Top 25,2569.39,804.12,1014.11,1294.88
District of Colombia,1,United Arab Emirates,2246.85,449.66,686.39,711.2
District of Colombia,2,Switzerland,33.06,24.12,9.72,116.96
District of Colombia,3,Kuwait,3.13,4.67,25.24,109.59
District of Colombia,4,Morocco,113.54,36.88,47.35,79.32
District of Colombia,5,Norway,0.05,1.32,25.82,55.21
District of Colombia,6,Brazil,13.35,36.6,25.71,47.76
District of Colombia,7,Oman,26.73,70.66,72.35,30.15
District of Colombia,8,Bahrain,5.98,10.32,41.19,28.97
District of Colombia,9,Russia,1.77,0.28,0.16,20.18
District of Colombia,10,United Kingdom,12.57,23.45,13.96,18.21
District of Colombia,11,Egypt,0.39,0.24,0.16,10.79
District of Colombia,12,Malaysia,0.55,0.89,0.14,9.3
District of Colombia,13,Canada,12.8,6.79,10.5,9.05
District of Colombia,14,France,2.76,10.72,2.08,6.18
District of Colombia,15,Mexico,1.59,4.81,5.24,5.28
District of Colombia,16,Chile,4.93,12.81,13.18,5.24
District of Colombia,17,Argentina,7.19,10.01,18.47,5.06
District of Colombia,18,Thailand,0.16,0.08,0.07,4.6
District of Colombia,19,Greece,0.4,0.76,0.95,4.52
District of Colombia,20,Turkey,11.8,1.82,0.91,3.63
District of Colombia,21,Germany,17.64,6.06,5.09,3.51
District of Colombia,22,Nepal,0.27,5.82,0.12,2.78
District of Colombia,23,Paraguay,0.17,5.81,0.74,2.61
District of Colombia,24,Saudi Arabia,1.33,1.44,0.8,2.49
District of Colombia,25,Denmark,50.36,78.11,7.77,2.28
Florida,0,World,60482.24,58438.83,53899.59,52049.37
Florida,0,Top 25,45621.9,42862.43,38694.31,38491.05
Florida,1,Brazil,5330.7,5088.01,3696.79,3602.67
Florida,2,Canada,4547.14,3966.3,3904.61,3501.54
Florida,3,Mexico,2190.72,2225.09,2721.4,2829.81
Florida,4,Colombia,3306.03,3123.88,2537.81,2187.07
Florida,5,Germany,1394.67,1619.76,1796.75,1947.97
Florida,6,Chile,1775.43,1837.11,1680.51,1871.74
Florida,7,Dominican Republic,1528.14,1570.77,1702.66,1708.06
Florida,8,Paraguay,1489.95,1582.74,1094.52,1508.67
Florida,9,Peru,1647.22,1715.21,1699.23,1498.8
Florida,10,United Arab Emirates,2211.78,1763.95,1534.36,1487.57
Florida,11,Argentina,1656.91,1247.61,1464.88,1425.16
Florida,12,United Kingdom,1149.67,1468.1,1173.76,1421.48
Florida,13,Panama,1353.31,1356.13,1292.74,1306.5
Florida,14,Costa Rica,1124.91,1150.33,1251.1,1264.86
Florida,15,Switzerland,3417.79,1087.83,1454.87,1243.85
Florida,16,Venezuela,3205.08,2526.4,2014.48,1231.41
Florida,17,Japan,1055.39,1098.78,904.95,1209.68
Florida,18,China,1236.44,1160.24,1114.46,1205.6
Florida,19,Netherlands,904.77,996.57,852.29,962.13
Florida,20,Bahamas,1090.57,1012.09,975.49,937.41
Florida,21,Hong Kong,1304.09,2382.87,713.9,903.31
Florida,22,France,601.81,661.85,751.51,901.83
Florida,23,Guatemala,922.27,904.97,922.08,849.63
Florida,24,"Korea, South",525.73,653.24,728.2,772.61
Florida,25,Honduras,651.39,662.59,710.96,711.68
Georgia,0,World,37578.24,39412.65,38595.25,35644.33
Georgia,0,Top 25,28919.59,30145.76,30324.65,27899.68
Georgia,1,Canada,6336.59,6506.39,6499.23,5856.14
Georgia,2,Mexico,2598.98,3007.48,3472.8,3525.84
Georgia,3,China,3729.13,3083.9,2652.87,2581.24
Georgia,4,Germany,1095.14,1332.85,1482.07,1584.75
Georgia,5,Japan,1483.44,1378.91,1366.64,1411.04
Georgia,6,United Kingdom,1515.54,1641.05,1808.18,1344.53
Georgia,7,Singapore,1320.61,1401.84,1225.76,1294.85
Georgia,8,"Korea, South",806.79,1243.51,846.56,980.68
Georgia,9,Brazil,1172.97,1394.04,1216.89,916.86
Georgia,10,Netherlands,757.89,848.6,810.66,760.96
Georgia,11,Belgium,683.43,783.52,744.24,746.49
Georgia,12,Australia,773.25,858.25,948.34,733.44
Georgia,13,United Arab Emirates,790.88,703.56,743.17,727.87
Georgia,14,Hong Kong,652.73,790.71,913.54,714.65
Georgia,15,Saudi Arabia,533.38,687.75,1104.24,631.61
Georgia,16,France,486.62,520.76,548.02,568.18
Georgia,17,Italy,560.28,527.53,658.59,532.71
Georgia,18,Turkey,626.3,635.84,516.08,525.43
Georgia,19,Taiwan,612.12,592.49,499.78,414.23
Georgia,20,India,529.91,434.18,392.12,396.13
Georgia,21,Vietnam,338.42,367.39,405.31,359.07
Georgia,22,Dominican Republic,388.11,299.76,287.82,343.5
Georgia,23,Chile,316.63,297.35,415.02,339.09
Georgia,24,Poland,455.31,448.92,461.37,326.5
Georgia,25,Spain,355.12,359.17,305.34,283.89
Hawaii,0,World,598.74,1447.49,1896.39,795.49
Hawaii,0,Top 25,561.56,1289.45,1792.54,782.72
Hawaii,1,Australia,113.68,499.83,1278.26,313.05
Hawaii,2,China,89.16,221.17,77.95,83.04
Hawaii,3,Japan,86.4,184.05,79.65,70.67
Hawaii,4,Canada,20.86,26.98,29.79,66.21
Hawaii,5,Singapore,102.82,131.89,91.72,55.87
Hawaii,6,"Korea, South",41.74,93.46,45.69,49.79
Hawaii,7,New Zealand,7.23,12.67,8.95,32.45
Hawaii,8,Hong Kong,16.52,21.93,21.36,18.05
Hawaii,9,India,0.1,0.79,9.77,15.31
Hawaii,10,Malaysia,0.66,9.81,6.25,11.16
Hawaii,11,Taiwan,26.43,16.85,13.05,9.54
Hawaii,12,Vietnam,4.01,6.2,101.71,7.37
Hawaii,13,Paraguay,0,0,0,7.27
Hawaii,14,France,2.7,3.18,2.11,6.31
Hawaii,15,Indonesia,2.7,28.37,3.72,4.84
Hawaii,16,Marshall Islands,1.13,1.5,1.36,4.82
Hawaii,17,Philippines,3.83,3.97,6.71,4.79
Hawaii,18,Bangladesh,0,0,0,4.11
Hawaii,19,United Kingdom,12.24,3.38,5.35,4.05
Hawaii,20,Germany,4.25,15.94,2.33,3.63
Hawaii,21,Argentina,0.21,0.1,0.12,2.73
Hawaii,22,Netherlands,20.4,3.15,2.14,2.06
Hawaii,23,Samoa,0.03,0,0,2.01
Hawaii,24,Thailand,2.22,2.65,2.64,1.94
Hawaii,25,Mexico,2.23,1.58,1.9,1.66
Idaho,0,World,5789.45,5137.76,4294.8,4876.8
Idaho,0,Top 25,5493.21,4858.66,4088.3,4710.69
Idaho,1,Canada,1603.3,1412.16,978.54,939.36
Idaho,2,Singapore,431.34,385.61,414.99,902.54
Idaho,3,Taiwan,540.88,472.55,528.56,637.27
Idaho,4,China,468.12,481.66,560.55,620.04
Idaho,5,Malaysia,242.37,194.22,122.95,344.85
Idaho,6,Mexico,273.3,301.01,264.09,235.88
Idaho,7,Japan,209.16,280.32,289.88,196.92
Idaho,8,"Korea, South",670.58,494.92,220.15,154.7
Idaho,9,United Kingdom,105.98,125.49,121.28,114.77
Idaho,10,Hong Kong,365.07,151.49,85.95,82.72
Idaho,11,Netherlands,59.48,72.12,71.78,71.38
Idaho,12,Brazil,66.33,62.67,61.2,65.23
Idaho,13,Philippines,79.57,96.03,65.17,57.58
Idaho,14,Australia,78.3,101.42,64.3,55.71
Idaho,15,France,127.07,72.03,45.41,34.89
Idaho,16,India,18.93,14.01,27.79,33.9
Idaho,17,Germany,33.57,27.02,42.85,27.3
Idaho,18,Spain,16.65,20.54,21.82,26.47
Idaho,19,Israel,16.28,14.86,17.41,22.14
Idaho,20,Thailand,26.33,19.82,24.7,19.63
Idaho,21,Chile,23.03,23.58,19.94,17.6
Idaho,22,Norway,6.27,8.68,8.93,14.11
Idaho,23,Italy,12.77,9.88,8.38,12.29
Idaho,24,Denmark,3.8,5.67,9.84,11.82
Idaho,25,New Zealand,14.73,10.89,11.81,11.57
Illinois,0,World,66212.89,68394,63401.86,59757.9
Illinois,0,Top 25,58841.7,61027.11,56711.76,53337.96
Illinois,1,Canada,20305.07,22114.46,17459.7,15947.84
Illinois,2,Mexico,7374.07,8010.93,9110.89,9484.63
Illinois,3,China,5695.04,4714.41,4874.66,5108.34
Illinois,4,Germany,2756.67,2855.23,3129.42,2771.5
Illinois,5,Australia,2739.24,2416.13,2641.12,2145.94
Illinois,6,Japan,1932.75,2564.38,2038.55,1988.86
Illinois,7,United Kingdom,1580.68,1609.85,1746.54,1680.09
Illinois,8,Belgium,1575.58,1636.16,1610.53,1501.18
Illinois,9,Netherlands,1192.85,1527.21,1919.82,1390.22
Illinois,10,Brazil,2470.12,2315.31,1731.92,1288.71
Illinois,11,"Korea, South",912.22,956.39,1100.72,1232.12
Illinois,12,Hong Kong,747.39,980.79,1158.59,1199.74
Illinois,13,Singapore,1237.11,1271.7,1174.57,1023.6
Illinois,14,France,1342.59,926.12,797.17,838.86
Illinois,15,India,696.02,647.38,701.63,724.65
Illinois,16,Taiwan,919.16,928.44,625.16,692.48
Illinois,17,Saudi Arabia,710.63,909.74,913.67,657.15
Illinois,18,United Arab Emirates,397.55,572.76,634.54,622.48
Illinois,19,Chile,1040.74,867.36,693.38,502.38
Illinois,20,Indonesia,486.1,514.11,354.88,460.69
Illinois,21,Switzerland,291.71,367.28,525.72,441.72
Illinois,22,Peru,672.88,423.88,320.2,435.3
Illinois,23,South Africa,947.88,1043.88,672.62,431.12
Illinois,24,Colombia,448.03,505.32,443.07,426.18
Illinois,25,Italy,369.6,347.91,332.71,342.18
Indiana,0,World,34216.02,35589.05,33818.78,34654.96
Indiana,0,Top 25,31687.76,32613.06,31193.98,32011.58
Indiana,1,Canada,11817.38,12250.96,10988.27,11511.9
Indiana,2,Mexico,4063.07,5137.81,4916.77,4887.87
Indiana,3,Germany,1928.13,1624.53,1435.64,1781.05
Indiana,4,China,1345.68,1436.75,1264.97,1752.97
Indiana,5,Japan,1804.56,1644.15,1697.23,1656.1
Indiana,6,United Kingdom,1037.72,1196.97,1237.55,1419.42
Indiana,7,France,1387.36,1354.18,1478.16,1217.99
Indiana,8,Italy,846.05,839.25,1124.06,1191.98
Indiana,9,Netherlands,1174.4,844.06,958.41,923.65
Indiana,10,Australia,564.19,618.23,512.41,767.44
Indiana,11,Belgium,448.97,866.6,728.67,573.82
Indiana,12,"Korea, South",873.95,933.57,693.14,566.46
Indiana,13,Spain,518.83,300.02,526.26,464.72
Indiana,14,Brazil,1027.24,807.38,574.4,458.01
Indiana,15,Ireland,545.73,603.68,915.82,444.49
Indiana,16,Saudi Arabia,415.48,275.24,306.83,345.31
Indiana,17,Afghanistan,20.7,9.21,67.9,326.23
Indiana,18,India,222.8,254.73,283.36,267.35
Indiana,19,United Arab Emirates,204.29,168.49,182.53,257.23
Indiana,20,Singapore,245.2,195.68,214.2,244.11
Indiana,21,Hong Kong,483.37,499.98,233.03,225.37
Indiana,22,Argentina,134.6,139.01,159.89,197.68
Indiana,23,Taiwan,250.8,247.01,172.55,181.02
Indiana,24,Switzerland,158.61,169.9,309.18,176.89
Indiana,25,Colombia,168.61,195.67,212.74,172.51
Iowa,0,World,13903.37,15111.53,13233.61,12115.44
Iowa,0,Top 25,12390.37,13483.23,11836.34,10819.92
Iowa,1,Canada,4432.2,4617.34,3873.38,3368.83
Iowa,2,Mexico,2181.48,2328.76,2099.82,2278.94
Iowa,3,Japan,980.03,1177.72,1130.56,1102.59
Iowa,4,China,618.68,949.16,1202.77,490.9
Iowa,5,Germany,678.96,493.91,493.3,431.89
Iowa,6,Australia,404.81,399.05,338.86,295.3
Iowa,7,France,332.72,323.02,329.86,275.73
Iowa,8,"Korea, South",292.83,366.42,347.38,266.71
Iowa,9,Brazil,601.59,501.51,256.93,251.88
Iowa,10,United Kingdom,291.28,383.69,289.23,243.3
Iowa,11,Hong Kong,152.1,239.35,196.35,225.74
Iowa,12,Ireland,57.53,99.31,120.37,189.87
Iowa,13,Netherlands,287.81,264.57,202.44,167.91
Iowa,14,Taiwan,97.38,146.72,134.3,153.8
Iowa,15,Colombia,67.97,309.5,148.15,146.83
Iowa,16,Singapore,133.8,147.26,106.13,111.9
Iowa,17,South Africa,150.57,126.49,58.8,105.14
Iowa,18,Turkey,43.99,37.22,52.94,100
Iowa,19,Italy,93.98,96.58,102.45,98.88
Iowa,20,Russia,211.23,147.84,38.93,95.49
Iowa,21,Spain,79.14,119.42,90.38,94.09
Iowa,22,Egypt,9.3,37.05,42.31,93.52
Iowa,23,India,85.83,72.76,74.75,80.68
Iowa,24,Ukraine,90.52,63.76,28.59,79.17
Iowa,25,Costa Rica,14.62,34.83,77.41,70.79
Kansas,0,World,12459.17,12021.86,10690.24,10181.35
Kansas,0,Top 25,10613,10168.7,9267.04,8739.65
Kansas,1,Mexico,1534.49,1786.47,1797.77,1887.53
Kansas,2,Canada,2605.71,2533.32,2368.15,1787.7
Kansas,3,Japan,880.37,827.98,709.96,806.81
Kansas,4,China,1703.41,1183.66,986.26,745.05
Kansas,5,United Kingdom,476.88,522.51,433.46,431.31
Kansas,6,Germany,322.65,335,308.22,367.75
Kansas,7,Brazil,667.26,535.13,245.05,344.17
Kansas,8,France,237.04,245.07,248.67,293.54
Kansas,9,Australia,201.25,227.36,203.33,252.98
Kansas,10,Singapore,143.34,159.93,192.45,236.03
Kansas,11,"Korea, South",211.76,237.76,213.45,222.22
Kansas,12,Taiwan,195.15,184.89,164.7,167.59
Kansas,13,Nigeria,326.08,289.26,304.63,160.4
Kansas,14,Hong Kong,171.65,222.17,176.89,144.64
Kansas,15,Netherlands,99.7,159.44,129.39,101.78
Kansas,16,Belgium,92.49,87.44,88.6,92
Kansas,17,Italy,95.79,131.41,122.06,90.53
Kansas,18,South Africa,99.63,74.19,66.44,82.7
Kansas,19,Switzerland,87.68,75.78,88.45,80.73
Kansas,20,Turkey,91.53,58.94,59.4,78.53
Kansas,21,Chile,43.93,51.31,65.15,76.57
Kansas,22,Vietnam,82.22,55.62,84.73,75.81
Kansas,23,Colombia,98,74.33,72.65,72.9
Kansas,24,Thailand,62.15,40.44,65.81,72.28
Kansas,25,Israel,82.83,69.28,71.37,68.1
Kentucky,0,World,25411.72,27757.39,27643.94,29199.16
Kentucky,0,Top 25,23596.04,26075.75,26040.35,27744.36
Kentucky,1,Canada,7773.93,7688.21,7259.5,7477.81
Kentucky,2,United Kingdom,1838.12,2337.18,2557.84,2836.44
Kentucky,3,France,1020.44,1977.33,1773.76,2832.65
Kentucky,4,Mexico,1923.6,2500.59,2303.71,2226.2
Kentucky,5,Brazil,1262.21,1443.42,1739,2044.75
Kentucky,6,China,1350.86,1653.55,1928.84,1760.22
Kentucky,7,Japan,1238.93,1267.19,1163.71,1066.67
Kentucky,8,Germany,906.51,934.56,945.31,999.52
Kentucky,9,Netherlands,687.58,854.77,942.41,971.42
Kentucky,10,Hong Kong,792.74,773.52,683.9,852.65
Kentucky,11,Singapore,811.5,757.65,869.2,772.3
Kentucky,12,Austria,488.74,361.37,576.6,568.37
Kentucky,13,"Korea, South",439.18,374.3,421.12,539.5
Kentucky,14,Belgium,499.28,497.17,483.86,446.48
Kentucky,15,Saudi Arabia,746.48,796.96,433.87,426.69
Kentucky,16,Malaysia,180.87,185.2,296.19,390.44
Kentucky,17,Australia,326.26,379.87,368.36,342.66
Kentucky,18,Italy,177.08,180.62,209.33,211.5
Kentucky,19,Taiwan,296.57,220.11,147.17,174.26
Kentucky,20,Spain,153.27,142.64,144.56,174.25
Kentucky,21,United Arab Emirates,261.29,313.71,214.27,168.25
Kentucky,22,India,136.28,120.93,159.39,165.04
Kentucky,23,Ireland,74.19,120.87,90.41,103.1
Kentucky,24,Russia,90.57,83.28,224.73,97.59
Kentucky,25,Thailand,119.55,110.72,103.34,95.6
Louisiana,0,World,63247.02,64770.1,48685.89,48418.79
Louisiana,0,Top 25,48254.74,51459.98,38957.54,38552.75
Louisiana,1,China,7949.04,8436.7,6554.78,7977.76
Louisiana,2,Mexico,6400.29,7343.32,5882.22,5483.52
Louisiana,3,Canada,3066.59,3332.88,2871.19,2682.28
Louisiana,4,Netherlands,2612.67,3063.97,2191.44,2370.34
Louisiana,5,Japan,2797.59,2856.92,2371.94,2001.84
Louisiana,6,Colombia,1864.95,2841.4,2064.06,1965.8
Louisiana,7,Brazil,2589.08,2209.01,1462.34,1750.57
Louisiana,8,Belgium,1278.68,1288.46,1312.02,1117.87
Louisiana,9,Peru,742.06,840.35,649.96,1042.81
Louisiana,10,France,2287.24,2553.39,1496.35,1017.13
Louisiana,11,"Korea, South",1168.23,1241.58,780.92,990.02
Louisiana,12,Chile,821.9,979.33,914.16,945.35
Louisiana,13,Singapore,2776.83,1511.1,965.72,941.55
Louisiana,14,United Kingdom,1299.9,1250.75,1323.06,904.58
Louisiana,15,Venezuela,1108.65,1280.5,739.39,840.61
Louisiana,16,Panama,1730.1,1695.11,600.03,706.61
Louisiana,17,India,517.62,432.16,507.73,683.18
Louisiana,18,Argentina,1032.43,1271.14,957.92,676.79
Louisiana,19,Dominican Republic,730.48,804.09,746.7,667.32
Louisiana,20,Spain,860.32,939.61,859.67,655.53
Louisiana,21,Saudi Arabia,482.01,610.94,568.02,653.21
Louisiana,22,Germany,1014.96,944.57,995.74,639.86
Louisiana,23,Egypt,1134.25,2017.48,714.47,635.9
Louisiana,24,Guatemala,676.12,976.89,730.09,633.15
Louisiana,25,Ecuador,1312.76,738.32,697.62,569.17
Massachusetts,0,World,26812.02,27384.17,25290.12,25891.74
Massachusetts,0,Top 25,24061.98,24583.77,22937,23414.52
Massachusetts,1,Canada,3734.23,3700.66,3165.51,3107.23
Massachusetts,2,Mexico,1861.42,2317.85,2622.23,2471.12
Massachusetts,3,China,1979.64,2294.08,2054.89,2167.46
Massachusetts,4,Switzerland,1280.79,803.49,1024.85,1768.53
Massachusetts,5,Germany,1836.43,1849.83,1910.8,1634.77
Massachusetts,6,United Kingdom,1407.95,2348.91,1178.81,1585.1
Massachusetts,7,Japan,1761.94,1849.67,1476.15,1399.74
Massachusetts,8,Netherlands,1290.16,1328.71,1399.44,1370.16
Massachusetts,9,"Korea, South",902.23,987.41,1005.11,978.81
Massachusetts,10,Ireland,638.36,794.29,842.97,948.64
Massachusetts,11,Hong Kong,1762.27,962.69,928.45,899.34
Massachusetts,12,Taiwan,824.01,654.12,686.84,656.7
Massachusetts,13,France,647.22,603.7,575.1,635.53
Massachusetts,14,Singapore,501.85,563.85,564.43,610.79
Massachusetts,15,Belgium,800.89,598.71,602.37,511.19
Massachusetts,16,Italy,461.24,506.45,454.68,407.31
Massachusetts,17,Australia,363.27,351.15,348.38,331.81
Massachusetts,18,India,297.28,302.69,288.51,306.4
Massachusetts,19,Philippines,217.72,227.39,216.04,277.98
Massachusetts,20,Malaysia,303.61,264.86,249.71,257.1
Massachusetts,21,Brazil,392.39,331.97,285.72,230.86
Massachusetts,22,Spain,260.87,205.51,233.64,220.1
Massachusetts,23,Sweden,119.4,363.93,393.48,218.56
Massachusetts,24,Saudi Arabia,200.57,219.58,264.57,212.96
Massachusetts,25,Thailand,216.28,152.28,164.29,206.32
Maryland,0,World,11746.72,12228.28,10051.8,9658.23
Maryland,0,Top 25,8790.44,9456.48,8219.63,8318.65
Maryland,1,Canada,1858.96,1884.16,1547.26,1457.97
Maryland,2,Australia,210.24,456.25,255.86,619.31
Maryland,3,Saudi Arabia,999.04,915.05,787.86,557.53
Maryland,4,United Kingdom,497.63,486.47,566.87,529.49
Maryland,5,China,564.28,733.38,486.78,484.48
Maryland,6,Netherlands,304.26,425.11,436.41,465.38
Maryland,7,Mexico,494.11,463.06,445.14,421.77
Maryland,8,Germany,278.91,336.97,377.96,416.14
Maryland,9,Belgium,310.98,449.88,340.66,410.68
Maryland,10,Algeria,23.17,83.18,201.56,372.39
Maryland,11,Japan,457.54,440.05,398.55,352.21
Maryland,12,France,267.92,231.27,227.23,324.84
Maryland,13,"Korea, South",236.81,191.05,201.12,233.45
Maryland,14,India,202.87,225.68,234.7,230.21
Maryland,15,Israel,114.44,100.69,145.14,221.18
Maryland,16,Singapore,177.45,177.6,155.91,170.82
Maryland,17,Egypt,356.07,621.97,380.4,147.62
Maryland,18,Brazil,379.27,301.47,190.47,144.8
Maryland,19,Chile,148.02,126.82,116.92,132.29
Maryland,20,United Arab Emirates,271.14,215.88,174.07,123.6
Maryland,21,Italy,157.34,136.9,136.44,115.05
Maryland,22,Taiwan,120.33,114.9,118.12,114.86
Maryland,23,Pakistan,98.66,105.04,117.63,104.5
Maryland,24,Hong Kong,129.23,130.48,114.33,86.11
Maryland,25,Turkey,131.77,103.18,62.26,81.97
Maine,0,World,2686.76,2811.06,2762.99,2875.27
Maine,0,Top 25,2477.69,2579.01,2570.5,2718.44
Maine,1,Canada,1370.35,1485.71,1304.5,1365.86
Maine,2,Germany,56.91,54.81,103.61,216.48
Maine,3,China,222.99,184.31,212.08,206.54
Maine,4,Malaysia,103.23,195.08,208.85,164.96
Maine,5,Japan,121.2,98.05,81.91,93.43
Maine,6,"Korea, South",77.37,62.51,79,73.71
Maine,7,Taiwan,18.3,19.26,47.19,61.54
Maine,8,Belgium,46.63,41.25,46.76,60.16
Maine,9,United Kingdom,56.22,59.27,54.86,56.92
Maine,10,Netherlands,56.62,63.66,51.8,50.52
Maine,11,Mexico,42.65,53.54,59.56,46.13
Maine,12,Australia,36.85,36.25,29.87,40.94
Maine,13,Italy,59.96,52.08,68.95,38.71
Maine,14,Hong Kong,33.59,37.91,29.27,36.15
Maine,15,Philippines,2.65,2.97,23.42,29.21
Maine,16,Singapore,34.49,25.07,32.63,25.94
Maine,17,Turkey,40.98,4.55,15.57,25.89
Maine,18,Brazil,25.67,30.12,18.29,20.77
Maine,19,France,13.65,10.22,20.37,18.93
Maine,20,India,16.25,13.59,15.43,18.85
Maine,21,Sweden,3.74,7.74,7.68,18.19
Maine,22,New Zealand,6.71,7.83,7.69,13.84
Maine,23,Finland,16.7,20.96,15.7,13
Maine,24,United Arab Emirates,3.2,3.4,26.57,11.02
Maine,25,Thailand,10.77,8.89,8.94,10.76
Michigan,0,World,59399.81,57573.11,53954.03,54713.48
Michigan,0,Top 25,55852.27,54280.33,51201.1,51864.02
Michigan,1,Canada,26174.97,25674.65,23515.55,23712.09
Michigan,2,Mexico,12889.77,12407.11,11792.89,12013.04
Michigan,3,China,4135.84,3402.51,3210.28,3268.46
Michigan,4,Germany,1652.51,1862.94,1919.14,1999.29
Michigan,5,Japan,1394.97,1378.22,1218.12,1502.75
Michigan,6,Brazil,777.57,717.16,819.3,1014.95
Michigan,7,"Korea, South",1093.74,1056.49,1066.04,975.61
Michigan,8,Italy,597.38,689.09,1056.1,906.44
Michigan,9,United Kingdom,732.49,746.98,778.17,877.84
Michigan,10,Belgium,811.46,663.77,686.96,725.17
Michigan,11,Australia,1093.09,1069.97,888.58,577.57
Michigan,12,France,443.56,447.34,455.75,533.89
Michigan,13,Thailand,376.67,349.95,389.46,473.93
Michigan,14,United Arab Emirates,532.22,626.55,458.71,402.78
Michigan,15,Netherlands,308.28,356.61,335.05,335.8
Michigan,16,India,261.55,296.76,318.86,308.84
Michigan,17,Spain,186.55,216.74,329.59,305.13
Michigan,18,Saudi Arabia,779.81,499.93,380.08,301.08
Michigan,19,Taiwan,190.91,247.03,249.08,298.59
Michigan,20,Hong Kong,232.28,316.72,200.22,264.51
Michigan,21,Argentina,265.35,381.49,280.12,243.9
Michigan,22,South Africa,228.9,218.19,250.99,225.99
Michigan,23,Switzerland,246.51,230.26,201.02,219.71
Michigan,24,Poland,126.76,140.73,153.68,191.93
Michigan,25,Chile,319.16,283.13,247.37,184.74
Minnesota,0,World,20760.14,21397.6,20016.17,19202.45
Minnesota,0,Top 25,18333.07,19101.33,17802.23,17180.03
Minnesota,1,Canada,5810.5,5610.33,4454.38,4059.8
Minnesota,2,Mexico,1472.85,2239.69,2382.22,2338.61
Minnesota,3,China,1964.23,1800.7,1806.69,1826.09
Minnesota,4,Japan,1081.17,1216.58,1115.36,1037.5
Minnesota,5,"Korea, South",624.14,713.05,771.02,821.65
Minnesota,6,Germany,760.61,746.05,835.43,763
Minnesota,7,Belgium,721.39,893.15,825.69,732.83
Minnesota,8,Singapore,492.96,531.78,512.1,572.94
Minnesota,9,United Kingdom,528.71,528.66,533.01,564.43
Minnesota,10,Taiwan,406.16,405.4,418.49,457.41
Minnesota,11,Philippines,552.4,570.7,471.78,436.43
Minnesota,12,Ireland,350.94,410.93,390.47,398.38
Minnesota,13,Australia,457.06,466.01,456.2,380.93
Minnesota,14,Hong Kong,484.51,429.04,398.11,377.84
Minnesota,15,Netherlands,518.38,319.52,339.36,370.12
Minnesota,16,France,393.2,353.66,336.86,332.7
Minnesota,17,Thailand,271.56,259.03,256.96,226.36
Minnesota,18,Italy,253.12,228.21,207.96,218.73
Minnesota,19,Brazil,374.68,320.99,280.53,210.64
Minnesota,20,India,189.1,314.39,213.71,194
Minnesota,21,Switzerland,215.06,204.68,209.62,187.75
Minnesota,22,Indonesia,135.45,170.5,168.63,186.87
Minnesota,23,Costa Rica,68.07,89.06,112.66,186.49
Minnesota,24,Malaysia,131.41,150.84,156.76,165.52
Minnesota,25,New Zealand,75.41,128.38,148.25,133.01
Missouri,0,World,12958.22,14189.64,13647.81,13934.62
Missouri,0,Top 25,11420.32,12765.45,12360.16,12782.81
Missouri,1,Canada,3966.22,4725.09,4518.74,5233.96
Missouri,2,Mexico,2032.7,2388.58,2490.26,2533.86
Missouri,3,China,849.75,876.8,876.43,864.06
Missouri,4,Japan,609.99,609.95,498.47,513.18
Missouri,5,Belgium,427.2,419.08,479.54,491.53
Missouri,6,Germany,327.73,406.36,485.36,459.34
Missouri,7,"Korea, South",455.57,474.21,441.15,326.18
Missouri,8,United Kingdom,322.17,357.19,363.89,301.88
Missouri,9,Australia,244.21,204.99,219.39,262.52
Missouri,10,France,196.23,170.94,141.74,207.42
Missouri,11,Singapore,251.68,259.17,187.19,200.79
Missouri,12,Brazil,270.87,296.24,294.81,176.73
Missouri,13,Switzerland,29.58,80.13,83.51,151.28
Missouri,14,India,157.34,164.91,122.43,128.07
Missouri,15,Netherlands,179.54,186.65,136.96,120.54
Missouri,16,Saudi Arabia,234.49,219.18,157.25,112.91
Missouri,17,Thailand,112,127.56,113.55,110.23
Missouri,18,Italy,172.14,130.89,123.91,86.79
Missouri,19,Vietnam,27.46,48.28,63.48,85.21
Missouri,20,Ireland,57.53,162.96,203.14,84.55
Missouri,21,Hong Kong,115.43,114.63,80.47,77.99
Missouri,22,Taiwan,91.26,96.75,90.53,77.56
Missouri,23,United Arab Emirates,104.46,123.85,76.88,65.76
Missouri,24,Indonesia,115.89,74.04,43.47,56.99
Missouri,25,Argentina,68.89,47.01,67.61,53.47
Mississippi,0,World,12415.15,11484.93,10848.36,10494.72
Mississippi,0,Top 25,10399.28,9850.12,9320.13,9160.96
Mississippi,1,Canada,2010.82,1831.06,2049.05,2185.7
Mississippi,2,Mexico,1318.98,1258.96,1143.57,1029.08
Mississippi,3,Panama,2050.33,1478.74,1112.07,854.5
Mississippi,4,China,669.68,644.19,519.52,564.27
Mississippi,5,Guatemala,219.49,360.45,536.89,420.01
Mississippi,6,Honduras,288.61,531.53,377.68,418.74
Mississippi,7,Netherlands,482.87,307.92,282.8,401.41
Mississippi,8,Belgium,343.58,329.61,337.05,399.9
Mississippi,9,Germany,196.79,215.11,282.97,350.82
Mississippi,10,Gibraltar,0,357.24,334.16,320.27
Mississippi,11,Japan,222.56,300.41,314.86,265.82
Mississippi,12,Trinidad and Tobago,8.15,9.15,151.77,217.43
Mississippi,13,Chile,99.3,202,107.04,203.48
Mississippi,14,Brazil,480.96,445.32,182.83,193.68
Mississippi,15,United Kingdom,206.95,216.28,167.45,170.94
Mississippi,16,Colombia,313.07,199.6,227.01,143.35
Mississippi,17,Singapore,347.98,126.54,123.71,138.27
Mississippi,18,El Salvador,127.72,92.82,188.69,125.3
Mississippi,19,"Korea, South",155.09,125.26,136.88,123.05
Mississippi,20,Australia,146.12,119.73,133.85,123.01
Mississippi,21,Saudi Arabia,122.27,101.94,146.37,110.85
Mississippi,22,India,57.91,69.24,84.84,110.15
Mississippi,23,France,57.19,61.34,71.01,105.8
Mississippi,24,Peru,419.03,451.11,293.07,96.14
Mississippi,25,Afghanistan,53.81,14.59,14.99,88.97
Montana,0,World,1505.8,1544.91,1404.09,1360.1
Montana,0,Top 25,1332.72,1345.23,1277.95,1265.98
Montana,1,Canada,596.46,563.27,523.05,634.89
Montana,2,China,93.27,106.24,134.59,103.12
Montana,3,"Korea, South",168.49,205.39,171.64,100.39
Montana,4,Taiwan,74.27,44.01,34.78,57.57
Montana,5,India,31.45,42.32,33.39,52.15
Montana,6,Japan,49.23,61.55,76.94,50.46
Montana,7,Mexico,55.81,92.85,40.74,36.74
Montana,8,Belgium,65.41,43.75,40.93,31.5
Montana,9,Germany,26.68,23.38,31.28,20.9
Montana,10,United Kingdom,21.31,21.63,24.25,19.28
Montana,11,Netherlands,24.96,28.29,28.84,16.64
Montana,12,France,7.27,7.25,13.9,15.7
Montana,13,Bolivia,0.42,2.2,0.48,13.86
Montana,14,Italy,16.54,10.71,17.84,13.21
Montana,15,Peru,15.45,7.04,12.76,12.63
Montana,16,Malaysia,11.01,19.06,17.1,11.15
Montana,17,Colombia,3.69,5.41,7.6,10.59
Montana,18,Singapore,20.15,20.77,25.52,10.12
Montana,19,Turkey,5.71,3.68,6.8,10.02
Montana,20,Australia,15.87,12.38,7.86,10.01
Montana,21,Sweden,13.9,10.09,7.81,9.24
Montana,22,Spain,7.71,3.21,4.81,7.94
Montana,23,Hong Kong,4.58,7.02,7.94,6.79
Montana,24,Pakistan,0.19,1.66,2.98,5.58
Montana,25,New Zealand,2.9,2.06,4.11,5.51
North Carolina,0,World,29347.12,31420,30201.81,30161.26
North Carolina,0,Top 25,24931.91,26494.82,26024.22,26294.18
North Carolina,1,Canada,6737.11,6797.35,6863.1,6407.2
North Carolina,2,Mexico,2721.88,3017.14,3190.91,3012.44
North Carolina,3,China,2693.66,2689.59,2185.96,2185.62
North Carolina,4,Saudi Arabia,798.13,1224.95,1427.3,1610.92
North Carolina,5,Japan,1672.22,1753.3,1482.34,1547.42
North Carolina,6,United Kingdom,898.54,1015.58,1009.57,1455.02
North Carolina,7,France,1000.42,1137.69,1132.57,1184.02
North Carolina,8,Germany,998.44,1005.35,1002.06,998.88
North Carolina,9,Honduras,760.42,840.36,861.24,840.64
North Carolina,10,Netherlands,715.18,789.32,724.99,757.77
North Carolina,11,Hong Kong,773.57,926.9,774.82,727.15
North Carolina,12,Belgium,799.95,884.89,781.93,691.75
North Carolina,13,"Korea, South",691.62,652.09,629.08,534.7
North Carolina,14,Australia,463.67,467.96,483.65,520.3
North Carolina,15,India,481.47,422.07,403.7,454.87
North Carolina,16,Ireland,260.63,276.96,379.76,454.42
North Carolina,17,Brazil,743.66,666.06,565.42,437.06
North Carolina,18,United Arab Emirates,162.2,175.14,240.93,429.17
North Carolina,19,Singapore,343.04,388.73,425.57,371.4
North Carolina,20,Spain,155.47,219.36,328.24,364.1
North Carolina,21,Dominican Republic,256.3,339.36,336.28,318.35
North Carolina,22,Taiwan,305.54,273.07,258.35,275.09
North Carolina,23,Italy,224.9,259.16,214.83,270.03
North Carolina,24,Indonesia,245.34,237.48,230.39,238.69
North Carolina,25,Austria,28.57,34.96,91.21,207.17
North Dakota,0,World,4401.7,5513.08,4026.78,5313.34
North Dakota,0,Top 25,4101.68,5222.66,3800.52,5176.77
North Dakota,1,Canada,3339.94,4369.59,2922.92,4382.23
North Dakota,2,Mexico,238.25,320.02,294.3,256.52
North Dakota,3,Australia,81.87,83.8,133.35,121.87
North Dakota,4,Czech Republic,22.84,23.02,69.78,62.92
North Dakota,5,Germany,40.08,42.51,42.97,43.35
North Dakota,6,Japan,31.95,36.74,40.95,29.17
North Dakota,7,India,29.35,35.05,34.28,27.07
North Dakota,8,China,23.53,49.96,16.86,22.05
North Dakota,9,Russia,21.7,16.93,5.72,21.14
North Dakota,10,United Kingdom,30.72,20.98,18.67,19.36
North Dakota,11,Dominican Republic,31.88,12.88,18.84,18.73
North Dakota,12,Ethiopia,7.23,2.99,10.5,18.65
North Dakota,13,"Korea, South",18.61,31.43,19.79,18.32
North Dakota,14,Venezuela,58.26,32.57,11.95,17.41
North Dakota,15,Italy,8.11,16.95,42.23,14.05
North Dakota,16,Spain,25.06,21.87,19.77,13.71
North Dakota,17,Costa Rica,3.02,10.68,0.88,12.84
North Dakota,18,Colombia,3.1,6.55,7.68,12.77
North Dakota,19,South Africa,18.43,15.5,12.95,10.78
North Dakota,20,Ukraine,22.15,14.81,4.76,10.43
North Dakota,21,Panama,5.41,8.44,20.03,10.19
North Dakota,22,Peru,2.1,2.84,6.46,9.26
North Dakota,23,Brazil,14.68,18.75,23.93,8.15
North Dakota,24,France,17.99,19.58,10.15,7.96
North Dakota,25,Taiwan,5.41,8.22,10.8,7.84
Nebraska,0,World,7392.99,7889.68,6663.4,6380.35
Nebraska,0,Top 25,6683.72,7171.11,6119.3,5884.35
Nebraska,1,Mexico,1157.18,1353.13,1261.37,1459.85
Nebraska,2,Canada,2173.54,2173.3,1466.91,1217.68
Nebraska,3,Japan,565.88,759.97,884.03,694.58
Nebraska,4,China,588.23,609.53,484.78,471.7
Nebraska,5,"Korea, South",294.99,357.49,360,412.89
Nebraska,6,Australia,236.76,200.24,182.64,201.19
Nebraska,7,Hong Kong,243.66,302.47,237.78,191.01
Nebraska,8,Belgium,98.92,100.95,92.97,151.61
Nebraska,9,Germany,145.38,153.92,164.48,135.43
Nebraska,10,Netherlands,215.35,168.76,204.7,127.61
Nebraska,11,France,111.84,101.64,81,108.52
Nebraska,12,Taiwan,102.01,118.02,86.61,105.17
Nebraska,13,Italy,114.19,114.69,73.53,80.07
Nebraska,14,Brazil,127,165.44,85.45,76.46
Nebraska,15,Thailand,66.91,38.56,41.95,52.15
Nebraska,16,Spain,53.18,60.84,42.4,47.62
Nebraska,17,Singapore,50.63,71.28,54.64,46.44
Nebraska,18,Vietnam,59.66,57.9,53.73,45.96
Nebraska,19,United Kingdom,51.95,41.89,42.99,43.46
Nebraska,20,New Zealand,57.15,54.51,56.81,40.75
Nebraska,21,Chile,38.06,36.56,21.87,40.43
Nebraska,22,South Africa,54.92,46.09,43.44,38.45
Nebraska,23,United Arab Emirates,22.66,22.93,22.09,36.38
Nebraska,24,Dominican Republic,20.57,33.42,37.51,30.09
Nebraska,25,Israel,33.1,27.57,35.62,28.85
New Hampshire,0,World,3511.05,4233.17,4001.33,4143.02
New Hampshire,0,Top 25,2993.14,3574.52,3518.85,3670.15
New Hampshire,1,Canada,590.45,592.69,536.53,559.47
New Hampshire,2,Mexico,409.19,449.6,503.1,442.4
New Hampshire,3,China,265.79,298.46,282.27,301.53
New Hampshire,4,Germany,211.75,229.17,181.16,236.41
New Hampshire,5,United Arab Emirates,100.06,303.79,279.9,207.31
New Hampshire,6,France,108.19,122.75,123.61,186.55
New Hampshire,7,Brazil,75.65,57.88,44.97,169.61
New Hampshire,8,"Korea, South",55.91,68.25,61.17,162.29
New Hampshire,9,Ireland,19.15,50.45,147.53,159.36
New Hampshire,10,United Kingdom,144.38,200.64,265.09,152.66
New Hampshire,11,Netherlands,177.13,198.11,170.47,147.35
New Hampshire,12,Italy,82.71,89.06,93.81,137
New Hampshire,13,Japan,102.82,110.9,109.7,131.4
New Hampshire,14,Hong Kong,157.39,185,202.78,124.21
New Hampshire,15,Thailand,34.47,21.9,26.97,74.56
New Hampshire,16,Saudi Arabia,65.16,174.49,118.82,65.88
New Hampshire,17,Singapore,69.22,66.22,68.02,63.63
New Hampshire,18,Malaysia,28.45,28.09,36.25,51.04
New Hampshire,19,Israel,37.07,43.71,47.75,51.01
New Hampshire,20,Turkey,79.26,86.57,27.62,49.76
New Hampshire,21,Australia,71.75,71.33,72.23,48.61
New Hampshire,22,Spain,20.63,34.39,37.43,40.26
New Hampshire,23,Philippines,17.9,21.27,20.08,38.75
New Hampshire,24,Taiwan,34.56,43.4,29.94,35.66
New Hampshire,25,Sweden,34.1,26.41,31.66,33.45
New Jersey,0,World,36611.87,36586.97,32063.57,31222.79
New Jersey,0,Top 25,29974.3,30640.44,27512.03,26867.35
New Jersey,1,Canada,6792.83,6960.82,6579.53,6346.98
New Jersey,2,Mexico,2190.12,2656.41,2617,2592.1
New Jersey,3,United Kingdom,2088.64,2060.85,2117.51,1910.33
New Jersey,4,Netherlands,2108.84,1881.22,1305.72,1571.58
New Jersey,5,China,1561.41,1411.24,1536.92,1416.75
New Jersey,6,Germany,1232.88,1210.94,1099.82,1340.23
New Jersey,7,Japan,1603.52,1696.14,1364.88,1228.66
New Jersey,8,France,867.19,1140.38,1056.39,1210.87
New Jersey,9,"Korea, South",1143.04,1424.62,1215.24,922.94
New Jersey,10,Saudi Arabia,549.36,1120.28,850.07,846.71
New Jersey,11,Belgium,1153.09,846.46,786.43,817.8
New Jersey,12,United Arab Emirates,929.29,1016.11,874.28,814.32
New Jersey,13,Hong Kong,846.54,1217.11,1001.98,805.22
New Jersey,14,Italy,637.96,792.5,489.27,656.26
New Jersey,15,Singapore,629.24,699.58,604.4,638.08
New Jersey,16,India,452.08,540.08,624.91,503.51
New Jersey,17,Taiwan,519.82,475,490.11,502.55
New Jersey,18,Brazil,732.13,648.47,500.7,483.68
New Jersey,19,Australia,526.84,520.04,457.46,475.49
New Jersey,20,Israel,860.77,741.5,776.14,412.29
New Jersey,21,Turkey,803.07,688.07,396.94,363.07
New Jersey,22,Switzerland,1249,452.29,293.81,310.26
New Jersey,23,Dominican Republic,155.92,118.63,145.03,250.15
New Jersey,24,Ireland,197.87,173.82,199.86,243.75
New Jersey,25,Indonesia,142.85,147.88,127.65,203.77
New Mexico,0,World,2726.14,3801.61,3781.25,3631.62
New Mexico,0,Top 25,2485.85,3628.73,3624.64,3494.57
New Mexico,1,Mexico,800.91,1547.96,1683.31,1557.43
New Mexico,2,Israel,788.48,811.53,1082.89,508.05
New Mexico,3,China,96.46,105.89,117.06,496.78
New Mexico,4,Japan,40.5,73.32,69.09,238.67
New Mexico,5,Canada,288.92,231.63,188.25,138.73
New Mexico,6,Germany,67.86,63.43,64.53,68.14
New Mexico,7,United Arab Emirates,5.45,12.13,36.11,55.31
New Mexico,8,Belgium,44.67,59.2,78.42,46.42
New Mexico,9,Saudi Arabia,11.8,71.95,12.6,44.72
New Mexico,10,Singapore,23.3,27.88,21.59,42.53
New Mexico,11,India,19.93,25.72,23.78,37.84
New Mexico,12,United Kingdom,37.62,30.04,32.57,36.87
New Mexico,13,"Korea, South",21.23,41.75,21.4,35.5
New Mexico,14,Ireland,64.3,100.88,51.7,29.42
New Mexico,15,Netherlands,27.2,23.46,23.59,27.27
New Mexico,16,Australia,40.4,28.83,16.26,17.66
New Mexico,17,France,15.78,12.95,11.45,17.3
New Mexico,18,Hong Kong,16.27,21.58,18.09,16.86
New Mexico,19,Thailand,15.52,21.46,18.55,15.27
New Mexico,20,Italy,9.4,264.13,14.36,14.09
New Mexico,21,Brazil,41,33.27,18.87,13.03
New Mexico,22,Malaysia,4.61,3.67,4.32,9.71
New Mexico,23,Colombia,3.26,4.15,6.36,9.49
New Mexico,24,Denmark,0.72,0.82,2.74,9.06
New Mexico,25,Luxembourg,0.29,11.1,6.76,8.43
Nevada,0,World,8701.08,7691.75,8666.46,9763.16
Nevada,0,Top 25,8145.73,7114.34,8060.95,9163.91
Nevada,1,Switzerland,2710.04,2372.03,2425.92,3937.34
Nevada,2,Canada,1220.09,1252.95,1280.84,1378.34
Nevada,3,India,1354.13,567.85,1720.87,812.18
Nevada,4,China,592.8,584.3,427.7,585.44
Nevada,5,Mexico,389.27,405.45,448.28,486.45
Nevada,6,Japan,243.02,244.68,156.73,187.07
Nevada,7,Hong Kong,202.73,236.57,270.43,179.01
Nevada,8,Germany,124.62,122.77,96.72,167.28
Nevada,9,"Korea, South",158.98,97.4,91.1,138.48
Nevada,10,United Kingdom,139.49,170.55,111.46,131.14
Nevada,11,Australia,178.55,121.51,104.33,126.88
Nevada,12,Belgium,151.13,121.14,101.79,126.31
Nevada,13,Netherlands,52.69,77.4,84.49,115
Nevada,14,Singapore,78.4,87.08,85.93,111.01
Nevada,15,Israel,94.32,116.59,142.24,97.18
Nevada,16,Malaysia,62.4,75.54,103.56,86.34
Nevada,17,France,68.83,96.68,60.92,82.77
Nevada,18,Argentina,40.58,41.47,51.41,65.16
Nevada,19,Italy,58.85,52.23,55.31,57.93
Nevada,20,Peru,40.52,25.49,40.15,53.09
Nevada,21,Brazil,50.2,77.31,64.55,51.39
Nevada,22,United Arab Emirates,25.02,27.31,41.75,48.66
Nevada,23,Chile,27.21,30.97,15.54,47.7
Nevada,24,Taiwan,45.03,47.22,43.4,46.29
Nevada,25,Thailand,36.83,61.87,35.54,45.49
New York,0,World,86407.15,88834.33,83134.46,76720.21
New York,0,Top 25,76703.69,80783,75729.23,70087.45
New York,1,Canada,16862.7,17063.51,14912.72,15029.8
New York,2,Hong Kong,9310.13,10790.06,9551.22,7430.42
New York,3,Switzerland,10042.05,8741.03,8315.69,6455.83
New York,4,United Kingdom,5008.53,6217.66,5875.59,5543.67
New York,5,Israel,5226.02,6353.64,5354.66,4895.36
New York,6,Belgium,2909.12,4012.49,4473.39,4343.51
New York,7,India,2026.15,2519.53,2939.25,3511.96
New York,8,Mexico,2319.91,3063.5,3170.08,2977.74
New York,9,China,5036.66,4291.82,3745.85,2774.45
New York,10,France,1719.78,1957.47,2026.53,2288
New York,11,Germany,1977.46,2186.7,2169.29,2225.56
New York,12,Japan,2088.77,1902.66,2016.63,1904.5
New York,13,United Arab Emirates,2012.2,1920.91,2011.61,1896.2
New York,14,"Korea, South",1282.63,1350.33,1426.39,1206.11
New York,15,Singapore,1177.28,1107.69,1017.92,1192.31
New York,16,Netherlands,1491.29,1279.6,1156.16,1171.49
New York,17,Italy,851.17,1024.55,1016.59,907.8
New York,18,Brazil,832.83,740.51,623.51,887.79
New York,19,Australia,932.41,1126.89,602.86,701.88
New York,20,Taiwan,763.26,843.72,1048.13,637.37
New York,21,Turkey,761.05,738.63,582.76,563.56
New York,22,Thailand,845.83,501.93,521.13,480.52
New York,23,Spain,385.66,366.03,380.22,367.09
New York,24,Saudi Arabia,598.02,464.24,516.92,364.33
New York,25,Dominican Republic,242.79,217.91,274.12,330.2
Ohio,0,World,51048.2,52641.38,51156.63,49298.84
Ohio,0,Top 25,45641.05,47724.78,46567.81,45110.86
Ohio,1,Canada,20059.24,20835.68,20314.08,19212.81
Ohio,2,Mexico,5240.82,6411.78,6660.32,6462.5
Ohio,3,China,3373.34,3883.63,3358.01,3752.24
Ohio,4,United Kingdom,1599.29,1771.81,1788.13,1896.43
Ohio,5,Japan,1538.08,1371.83,1361.2,1538.2
Ohio,6,Brazil,1535.08,1391.55,1282.63,1412.25
Ohio,7,Germany,1403.89,1726.01,1493.6,1311.59
Ohio,8,France,2028.11,1377.23,1920.43,1172.12
Ohio,9,"Korea, South",1032.62,955.65,1065.31,879.31
Ohio,10,United Arab Emirates,680.72,575.03,499.94,830.17
Ohio,11,Australia,845.92,819.29,791.26,686.77
Ohio,12,Netherlands,757.83,783.06,657.59,671.9
Ohio,13,Belgium,464.94,559.76,545.55,635.42
Ohio,14,Saudi Arabia,885.55,533.43,331.86,569.22
Ohio,15,Italy,506.57,746.84,534.35,487.42
Ohio,16,Hong Kong,452.91,499.46,431.53,480.69
Ohio,17,Singapore,559.94,691.78,568.51,464.6
Ohio,18,Taiwan,451.95,454.02,512.41,424.04
Ohio,19,Switzerland,509.15,624.12,564.71,419.36
Ohio,20,India,384.49,386.93,444.89,406.79
Ohio,21,Thailand,327.4,390.35,425.99,314.25
Ohio,22,Sweden,266.87,254.63,203.54,308
Ohio,23,Indonesia,278.67,187.97,274.2,278.34
Ohio,24,Spain,169.82,215.99,238.71,255.65
Ohio,25,Malaysia,287.85,276.94,299.06,240.78
Oklahoma,0,World,6919.75,6308.26,5250.67,5047.88
Oklahoma,0,Top 25,5644.53,5122.8,4373.54,4359.43
Oklahoma,1,Canada,1923.02,1857.5,1566.93,1399.36
Oklahoma,2,Mexico,613.57,612.5,565.71,536.37
Oklahoma,3,Germany,289.26,210.89,279.1,369.04
Oklahoma,4,Singapore,225.47,232.52,227.53,244.74
Oklahoma,5,Japan,339.67,309.1,227.98,229.07
Oklahoma,6,China,428.22,273.55,165.92,217.68
Oklahoma,7,India,82.4,79.7,82.26,170.11
Oklahoma,8,United Kingdom,110.85,114.51,112.02,161.51
Oklahoma,9,Netherlands,136.01,152.92,161.5,156.99
Oklahoma,10,Saudi Arabia,185.58,122.91,104.86,95.59
Oklahoma,11,"Korea, South",101.72,85.55,79.34,70.76
Oklahoma,12,Kuwait,26.26,34.12,48.83,69.5
Oklahoma,13,France,48.38,42.86,45.37,68.21
Oklahoma,14,Brazil,219.66,138.81,90.54,67.74
Oklahoma,15,Australia,168.05,133.74,121.39,64.14
Oklahoma,16,Vietnam,11.17,15.9,21.72,59.35
Oklahoma,17,Israel,89.03,88.84,59.52,55.66
Oklahoma,18,United Arab Emirates,102.57,134.85,101.43,52.25
Oklahoma,19,Argentina,98.76,78.51,59.29,48.26
Oklahoma,20,Russia,158.54,115.48,39.09,43.83
Oklahoma,21,Turkey,34.24,33.5,36.04,43.49
Oklahoma,22,Chile,38.24,40.48,38.89,36.04
Oklahoma,23,Indonesia,56.51,56.55,33.91,33.99
Oklahoma,24,Malaysia,53.17,67.78,43.98,33.31
Oklahoma,25,Colombia,104.2,89.73,60.4,32.48
Oregon,0,World,18633.58,20888.78,20085.72,21752.61
Oregon,0,Top 25,16347.05,18958.59,18663.78,20377.93
Oregon,1,China,3380.09,4263.24,4824.58,5813.12
Oregon,2,Malaysia,1859.3,2570.21,2498.52,2332.55
Oregon,3,Canada,3143.04,3123.53,2564.32,2153.91
Oregon,4,Vietnam,411.06,538.26,533.46,1880.04
Oregon,5,Japan,1523.24,1580.25,1431.56,1585.05
Oregon,6,"Korea, South",994.86,1234.21,1050.79,1124.72
Oregon,7,Taiwan,824.9,981.29,838.84,815.61
Oregon,8,Singapore,359.38,335.87,423.41,568.49
Oregon,9,Germany,371.25,381,359.38,380.56
Oregon,10,Philippines,293.14,456.57,264.63,365.08
Oregon,11,United Kingdom,287.09,275.65,376.63,345.08
Oregon,12,Australia,360.09,413.95,436.42,324.45
Oregon,13,Israel,120.67,199.84,218.95,319.27
Oregon,14,Mexico,335.93,375.28,406.68,308.73
Oregon,15,Netherlands,243.21,276.69,302.66,295.78
Oregon,16,Hong Kong,399.24,313.75,414.42,269.49
Oregon,17,Switzerland,62.18,60.91,203.56,248.97
Oregon,18,Indonesia,200.33,148.58,90.4,200.88
Oregon,19,Thailand,162.86,191.53,189.52,196.22
Oregon,20,Ireland,114.08,242.9,285.4,182.5
Oregon,21,France,206.52,208.01,183.66,181.07
Oregon,22,Brazil,348.49,317.28,265.79,133.95
Oregon,23,India,132.75,153.5,90.7,123.01
Oregon,24,United Arab Emirates,87.16,190.51,264.47,116.7
Oregon,25,Italy,126.2,125.77,145.02,112.69
Pennsylvania,0,World,41180.77,40410.83,39437.33,36484.39
Pennsylvania,0,Top 25,35248.51,35156.6,34666.51,31900.68
Pennsylvania,1,Canada,11723.64,12333.03,11676.63,9989.54
Pennsylvania,2,Mexico,3452.87,3729.67,4179.69,3675.39
Pennsylvania,3,China,2926.26,2399.35,2062.46,2221.51
Pennsylvania,4,United Kingdom,1464.83,1849.56,2342.67,2120.51
Pennsylvania,5,Japan,1566.13,1581.18,1668.9,1469.45
Pennsylvania,6,Netherlands,2407.22,1912.34,1406.92,1357.55
Pennsylvania,7,Germany,1681,1451.95,1576.29,1352.93
Pennsylvania,8,Belgium,1038.63,1214.93,1289.02,1257.7
Pennsylvania,9,"Korea, South",1213.25,1020.94,916.21,1060.01
Pennsylvania,10,Brazil,1434.18,1152.13,981.38,877.39
Pennsylvania,11,France,639.01,620.72,642.62,700.58
Pennsylvania,12,Australia,645.12,740.31,586.28,685.92
Pennsylvania,13,India,473.59,705.92,757.85,535.74
Pennsylvania,14,Italy,641.31,618.77,583.67,533.92
Pennsylvania,15,Singapore,574.25,706.05,469.8,497.87
Pennsylvania,16,Hong Kong,404.05,470.83,464.19,470.87
Pennsylvania,17,Turkey,331.93,233.62,362.3,463.28
Pennsylvania,18,Ireland,552.54,193.82,554.77,459.6
Pennsylvania,19,United Arab Emirates,215.92,367.21,331.76,361
Pennsylvania,20,Taiwan,421.77,412.47,386.13,360.17
Pennsylvania,21,Saudi Arabia,417.13,354.89,354.06,357.98
Pennsylvania,22,Switzerland,319.45,340.38,369.43,313.7
Pennsylvania,23,South Africa,274.92,359.37,332.5,284.11
Pennsylvania,24,Thailand,194.48,170.65,185.61,257.7
Pennsylvania,25,Dominican Republic,235.03,216.51,185.37,236.26
Puerto Rico,0,World,19965.85,20280.63,20179.48,19886.71
Puerto Rico,0,Top 25,19111.47,19305.01,19312.97,18951.9
Puerto Rico,1,Belgium,2662.23,3629.81,4451,3879.05
Puerto Rico,2,Netherlands,2302.89,2934.09,3064.15,3000.63
Puerto Rico,3,Italy,2113.98,950.55,918.73,2461.56
Puerto Rico,4,Japan,1218.64,1351.98,1372.7,1474.24
Puerto Rico,5,Austria,1133.39,1097.15,1363.75,1127.93
Puerto Rico,6,Canada,1003.76,1016.65,729.45,969.68
Puerto Rico,7,Spain,1536.68,1330.32,1335.07,966.21
Puerto Rico,8,China,705.59,941.91,823.31,677.88
Puerto Rico,9,Dominican Republic,603.06,888.09,558.69,607.01
Puerto Rico,10,Singapore,360.17,476.21,589.1,501.9
Puerto Rico,11,France,1039.15,766.31,656.86,479.04
Puerto Rico,12,Mexico,445.71,577.97,419.64,460.34
Puerto Rico,13,United Kingdom,1180.76,1167.95,1151.68,407
Puerto Rico,14,Ireland,278.39,279.27,228.29,348.79
Puerto Rico,15,Germany,435.27,412.91,332.16,314.53
Puerto Rico,16,Switzerland,391.51,294.77,251.76,227.72
Puerto Rico,17,Brazil,250.53,280.36,191.62,189.27
Puerto Rico,18,India,60.97,74.96,114.06,169.2
Puerto Rico,19,Argentina,76.87,117.5,88.24,122.41
Puerto Rico,20,Australia,370.08,233.89,152.88,113.09
Puerto Rico,21,Taiwan,242.21,136.1,152.43,111.06
Puerto Rico,22,"Korea, South",127.25,120.83,136.7,109.86
Puerto Rico,23,Panama,195.47,85.21,126.1,103.71
Puerto Rico,24,Hong Kong,376.88,140.2,104.61,70.44
Puerto Rico,25,Ethiopia,0,0,0,59.37
Rhode Island,0,World,2164.11,2388.48,2132.71,2277.83
Rhode Island,0,Top 25,1826.99,1889.02,1836.33,2063.33
Rhode Island,1,Canada,483.35,497.19,530.57,530.68
Rhode Island,2,Mexico,166.2,195.34,180.61,208.05
Rhode Island,3,China,97.75,115.84,129.63,162.87
Rhode Island,4,Dominican Republic,44.33,59.83,92.79,154.4
Rhode Island,5,Taiwan,81.34,90.81,39.52,101.11
Rhode Island,6,Germany,206.04,126.57,108.31,96.11
Rhode Island,7,Japan,33.25,62.2,65.69,92.15
Rhode Island,8,Singapore,72.45,72.29,63.51,85.86
Rhode Island,9,Italy,91.87,78.6,77.83,85.86
Rhode Island,10,United Kingdom,56.55,65.06,59.09,72.04
Rhode Island,11,Turkey,162.08,124.19,131.94,64.04
Rhode Island,12,Ireland,21.38,70.98,92.8,54.82
Rhode Island,13,India,12.71,25.61,12.38,48.93
Rhode Island,14,Hong Kong,39.57,41.19,43.91,45.02
Rhode Island,15,France,67.98,54.09,43,39.77
Rhode Island,16,"Korea, South",30.81,40.1,29.09,37.17
Rhode Island,17,Kuwait,1.5,17.75,3.75,25.81
Rhode Island,18,Brazil,15.24,12.54,9.08,23.27
Rhode Island,19,Thailand,14.75,14.05,18.5,22.99
Rhode Island,20,Belgium,30.14,36.32,24.94,21.67
Rhode Island,21,Costa Rica,22.31,22.26,17.23,21.12
Rhode Island,22,Australia,12.61,10.11,9.36,18.43
Rhode Island,23,Austria,17.31,19.74,17.02,17.63
Rhode Island,24,Netherlands,17.83,15.47,19.89,17.49
Rhode Island,25,Malaysia,27.63,20.9,15.87,16.01
South Carolina,0,World,26341.16,29773.01,30988.7,31321.94
South Carolina,0,Top 25,22176.96,24054.27,27016.68,28275.08
South Carolina,1,China,4878.64,4229.93,4435.6,6432.3
South Carolina,2,Germany,3183.17,3873.65,3908.21,3744.93
South Carolina,3,Canada,3733.31,3628.88,3692.7,3478.35
South Carolina,4,United Kingdom,1362.31,1887.09,2842.11,2841.71
South Carolina,5,Mexico,1884.23,2225.74,2501.32,2118.15
South Carolina,6,Japan,655.28,916.39,1802.63,1094.34
South Carolina,7,Australia,747.61,874.31,796.05,791.89
South Carolina,8,Spain,101.63,111.77,92.27,677.22
South Carolina,9,"Korea, South",602.18,631.76,587.45,633.79
South Carolina,10,Belgium,513.73,718.64,669.55,615.57
South Carolina,11,Vietnam,115.48,124.56,295.94,603.76
South Carolina,12,Singapore,279.75,372.75,1116.25,559.5
South Carolina,13,United Arab Emirates,383.27,465.73,548.51,532.94
South Carolina,14,Saudi Arabia,456.65,385.1,524.77,478.4
South Carolina,15,Colombia,195.13,204.42,424.9,435.49
South Carolina,16,Chile,375.07,291.66,213.66,401.41
South Carolina,17,Netherlands,435.83,614.3,404.84,381.84
South Carolina,18,Brazil,652.4,592.27,485.22,363.71
South Carolina,19,France,387.77,454.03,423.51,361.11
South Carolina,20,India,351.97,386.2,380.6,349.46
South Carolina,21,Thailand,143.29,149.25,155.7,326.31
South Carolina,22,Norway,20.99,51.35,10.95,295.26
South Carolina,23,Taiwan,282.79,210.57,219.74,269.05
South Carolina,24,Russia,191.48,323.44,292.72,266.08
South Carolina,25,Italy,243,330.47,191.48,222.5
South Dakota,0,World,1582.15,1577.59,1419.99,1223.35
South Dakota,0,Top 25,1451.94,1437.09,1282.84,1138.65
South Dakota,1,Canada,694.06,696.7,526.21,454.35
South Dakota,2,Mexico,370.81,342.82,389.29,308.49
South Dakota,3,China,48.54,39.27,33.96,64.76
South Dakota,4,Japan,40.62,42.58,56.39,61.08
South Dakota,5,Australia,38.84,29.07,33.95,29.28
South Dakota,6,"Korea, South",16.32,34.16,31.66,28.01
South Dakota,7,Belgium,33.8,51.09,23.4,20.34
South Dakota,8,United Kingdom,8.6,10.13,9.33,17.88
South Dakota,9,Israel,13.27,17.5,13.77,17.39
South Dakota,10,Germany,17.44,18.65,15.47,15.86
South Dakota,11,Hong Kong,17.5,12.65,16.35,14.9
South Dakota,12,Morocco,0,0.13,0.63,12.88
South Dakota,13,New Zealand,8.21,13.57,7.9,11.71
South Dakota,14,Vietnam,2.54,4.28,4.08,11.04
South Dakota,15,Netherlands,4.81,4.15,7.12,8.04
South Dakota,16,Italy,2.52,0.79,3.39,7.53
South Dakota,17,Turkey,2.17,2.01,1.94,7.38
South Dakota,18,Saudi Arabia,69.81,51.4,64.04,6.89
South Dakota,19,Chile,6.87,5.4,4.62,6.8
South Dakota,20,Thailand,8.24,5,5.44,6.8
South Dakota,21,France,6.61,10.72,10.22,6.63
South Dakota,22,Brazil,23.71,20.54,6.5,5.51
South Dakota,23,Philippines,7.01,12.64,3.12,5.39
South Dakota,24,Taiwan,6.54,8.28,8.26,5.06
South Dakota,25,Argentina,3.07,3.55,5.81,4.64
Tennessee,0,World,32473.72,33250.9,32587.84,31432.68
Tennessee,0,Top 25,28802.3,29632.87,29083.57,28299.49
Tennessee,1,Canada,8719.9,9161.43,8678.32,8722.25
Tennessee,2,Mexico,4484.46,5077.21,4911.86,4466.48
Tennessee,3,China,2224.95,2334,2228.76,2199.74
Tennessee,4,Japan,1984,1731.47,1866.75,1709.51
Tennessee,5,Belgium,1231.59,1184.36,1275.17,1295.38
Tennessee,6,Netherlands,1031.23,1023.73,1124.8,1088.9
Tennessee,7,Singapore,1004.03,980.84,976.16,1073.21
Tennessee,8,United Kingdom,885.99,921.25,955.92,954.92
Tennessee,9,Germany,730.88,806.66,921.26,949.13
Tennessee,10,"Korea, South",689.84,745.91,794.79,771.86
Tennessee,11,Australia,925.09,858.33,905.35,719.65
Tennessee,12,Brazil,749.77,832.93,732.49,492.92
Tennessee,13,Hong Kong,289.22,289.54,323.34,481.44
Tennessee,14,France,366.65,331.58,337.84,410.33
Tennessee,15,United Arab Emirates,604.59,496.94,538.42,383.9
Tennessee,16,Chile,449.04,376.34,439.51,343.9
Tennessee,17,India,256.19,260.54,292.28,299.93
Tennessee,18,Italy,290.61,348.86,260.45,295.2
Tennessee,19,Saudi Arabia,360.25,373.21,199.12,289.14
Tennessee,20,Switzerland,261.12,295.17,270.87,269.53
Tennessee,21,Taiwan,322.6,316.79,256.97,263.96
Tennessee,22,Vietnam,157.02,141.3,252.14,245.61
Tennessee,23,Colombia,289.26,347.09,252.74,222.82
Tennessee,24,Turkey,377.92,271.9,175.92,184.32
Tennessee,25,Spain,116.12,125.47,112.36,165.46
Texas,0,World,277715.52,285559.32,248605.73,231106.72
Texas,0,Top 25,235083.09,242723.81,213584.37,199040.97
Texas,1,Mexico,99256.92,100096.45,92945.64,91745.88
Texas,2,Canada,26054.31,31376.85,25508.74,19960.12
Texas,3,China,10847.29,10918.89,11499.98,10793.29
Texas,4,Brazil,10845.69,11833.57,7221.35,7062.29
Texas,5,"Korea, South",7830.24,9074.56,8094.15,6892.71
Texas,6,Netherlands,9500.08,8756.27,6731.71,6373.01
Texas,7,Japan,5111.16,5590.41,5071.62,6193.33
Texas,8,Singapore,5735.12,5485.72,4913.64,4718.48
Texas,9,Taiwan,4101.5,4071.43,3271.39,4298.67
Texas,10,United Kingdom,3739.63,4424.93,4274.9,3986.79
Texas,11,Colombia,7095.8,7249.24,5827.54,3849.93
Texas,12,Belgium,4663.61,4619.3,4593.71,3660.25
Texas,13,Germany,2790.6,3184.58,3290.34,3412.77
Texas,14,Saudi Arabia,3845.38,3600.52,3332.53,2784.19
Texas,15,Chile,4582.73,4017.81,3010.18,2724.3
Texas,16,France,3718.54,3203.68,2598.82,2440.39
Texas,17,Hong Kong,1714.92,1942.86,2075.01,2371.29
Texas,18,Argentina,3063.28,3383.24,2679.32,2274.36
Texas,19,Peru,3061.48,2705.2,2360.25,2269.2
Texas,20,Venezuela,5368.46,4574.62,3945.08,2266.8
Texas,21,India,1981.97,1962,1754.91,2101.92
Texas,22,United Arab Emirates,2676.25,2599.07,2412.4,2072.24
Texas,23,Ecuador,2691.61,3668.44,2712.4,1757.55
Texas,24,Costa Rica,2332.41,2039.86,1543.95,1542.22
Texas,25,Australia,2474.09,2344.34,1914.8,1488.96
Utah,0,World,16111.19,12224.1,13308.38,12077.72
Utah,0,Top 25,15204.98,11330.75,12460.48,11311.69
Utah,1,United Kingdom,1293.3,1415.21,3036.57,3074.05
Utah,2,Hong Kong,5527.65,1760.56,1947.34,1506.78
Utah,3,Canada,1323.53,1423.1,1491.92,1323.01
Utah,4,Mexico,546.79,742.02,853.94,740.89
Utah,5,China,1412.73,891.68,841.08,648.38
Utah,6,Taiwan,476.58,676.82,710.23,610.17
Utah,7,Japan,628.18,552.73,547.69,504.04
Utah,8,Netherlands,254.47,387.78,364.85,448.26
Utah,9,Germany,228.35,255.83,266.47,343.23
Utah,10,"Korea, South",341.07,403.69,376.79,318.32
Utah,11,Singapore,644.42,545.37,359.08,291.17
Utah,12,Switzerland,268.48,254.72,219.06,209.03
Utah,13,Australia,161.56,184.28,190.52,189.49
Utah,14,Italy,168.11,139.91,167.32,173.41
Utah,15,France,109.03,113.6,129.74,171.96
Utah,16,Thailand,835.35,532.95,147.61,129.45
Utah,17,Brazil,117.59,113.72,92.76,103.22
Utah,18,India,311.29,240.35,201.9,101.46
Utah,19,Belgium,141.34,268.01,127.53,87.62
Utah,20,Malaysia,103.05,97.44,98.13,75.92
Utah,21,Spain,45.74,52.35,44.8,63.17
Utah,22,Austria,11.65,10.6,46.49,58.46
Utah,23,Israel,56.11,59.29,40.62,49.39
Utah,24,Philippines,155.52,164.22,112.56,47.76
Utah,25,Sweden,43.1,44.53,45.5,43.05
Virginia,0,World,17896.13,19390.79,17801.26,16313.18
Virginia,0,Top 25,14114.58,15348.29,14271.37,13067.37
Virginia,1,Canada,3226.57,3926.34,3422.41,2906.02
Virginia,2,China,1871.49,1965.79,1569.13,1626.25
Virginia,3,Mexico,1051.31,1218.22,1231.24,1090.26
Virginia,4,United Kingdom,990.51,970.98,1040.15,894.82
Virginia,5,Germany,790.01,856.27,843.72,819.29
Virginia,6,Belgium,434.79,525.59,555,568.85
Virginia,7,Netherlands,570.33,504.14,555.55,534.67
Virginia,8,Taiwan,458.39,519.89,569.32,523.85
Virginia,9,Japan,554.06,519.45,444.93,443.98
Virginia,10,"Korea, South",368.39,425.39,432.77,370.6
Virginia,11,Brazil,426.94,460.41,521.53,309.43
Virginia,12,Singapore,526.06,524.24,349.77,297.24
Virginia,13,Saudi Arabia,358.5,394.81,364.32,287.05
Virginia,14,India,213.81,229.58,237.2,261.18
Virginia,15,Switzerland,237.52,211.3,234.9,242.34
Virginia,16,Hong Kong,229.59,213.13,183.66,239.65
Virginia,17,France,290.46,245.66,281.08,223.68
Virginia,18,Australia,264.76,245.58,259.79,222.77
Virginia,19,Colombia,146.86,155.81,168.81,207.24
Virginia,20,Italy,203.96,283.4,282.23,204.14
Virginia,21,Thailand,108.97,208.61,127.49,174.18
Virginia,22,Indonesia,308.1,307.83,229.23,170.98
Virginia,23,Egypt,219.07,103.39,57.22,165.89
Virginia,24,Malaysia,106.07,116.89,153.19,148.16
Virginia,25,United Arab Emirates,158.08,215.56,156.73,134.85
Virgin Islands,0,World,997.44,1405.3,149.3,301.21
Virgin Islands,0,Top 25,823.7,1028.68,121.07,298.95
Virgin Islands,1,Mexico,1.62,1.47,1.91,51.6
Virgin Islands,2,Guadeloupe,461.1,303.61,14.97,40.37
Virgin Islands,3,Martinique,220.05,169.61,18.25,39.42
Virgin Islands,4,Brazil,0.54,12.68,2.3,23.33
Virgin Islands,5,Netherlands,24.91,81.39,3.8,21.33
Virgin Islands,6,Sint Maarten,35.05,48.82,48.93,18.63
Virgin Islands,7,Dominican Republic,29.69,198.5,2.84,12.05
Virgin Islands,8,Haiti,0.02,72.46,0,11.82
Virgin Islands,9,Colombia,20.34,1.37,0.38,10.24
Virgin Islands,10,Paraguay,0,0,0,9.4
Virgin Islands,11,Cayman Islands,0.06,0.7,1.25,8.11
Virgin Islands,12,Guatemala,0,0.4,0.01,8.09
Virgin Islands,13,Curacao,0.22,8.57,13.15,7.5
Virgin Islands,14,Bahamas,12.12,18.49,0,7.42
Virgin Islands,15,El Salvador,0.01,0,0.02,6.93
Virgin Islands,16,St Kitts and Nevis,6.38,27.78,1.39,5.86
Virgin Islands,17,Antigua and Barbuda,0.12,4.88,8.51,4.56
Virgin Islands,18,Nicaragua,0.01,0,0,3.38
Virgin Islands,19,Singapore,0,33.31,0.04,2.72
Virgin Islands,20,St Lucia,0.05,16.88,0.07,2
Virgin Islands,21,British Virgin Islands,6.83,17.21,2.09,1.65
Virgin Islands,22,Hong Kong,0.38,1.05,1.04,1.13
Virgin Islands,23,Dominica,0.11,0.09,0.13,0.73
Virgin Islands,24,Bermuda,4.09,5.66,0,0.36
Virgin Islands,25,Grenada,0,3.77,0,0.31
Vermont,0,World,4026.54,3669.61,3181.49,2989.76
Vermont,0,Top 25,3910.64,3561.86,3075.98,2896.48
Vermont,1,Canada,1868.69,1637.21,1172.14,1187.55
Vermont,2,Hong Kong,333.76,333.23,301.54,352.38
Vermont,3,Malaysia,172.82,197.14,231.72,192.57
Vermont,4,China,491.04,274.87,220.04,176.26
Vermont,5,"Korea, South",135.71,142.44,133.66,153.28
Vermont,6,Mexico,129.86,212.27,212.9,127.88
Vermont,7,Netherlands,51.9,93.54,107.77,114.42
Vermont,8,Taiwan,115.84,93.47,109.52,95.77
Vermont,9,United Kingdom,53.23,75.14,86.65,72.75
Vermont,10,Germany,56,59.96,60.44,71.49
Vermont,11,Japan,153.22,111.39,81.27,56.82
Vermont,12,Thailand,58.41,52.39,62.02,52.25
Vermont,13,Singapore,92.02,69.08,86.07,47.65
Vermont,14,France,42.56,58.17,51.61,40.54
Vermont,15,United Arab Emirates,2.95,8.26,13.32,32.91
Vermont,16,Belgium,20.43,20,18.25,20.58
Vermont,17,Italy,25.2,22.77,22.6,15.8
Vermont,18,Australia,15.26,13.23,15.19,14.67
Vermont,19,Ireland,22.76,26.59,14.99,13.74
Vermont,20,Israel,8.62,9.9,19.65,12.36
Vermont,21,Switzerland,6.98,8.89,15.47,11.77
Vermont,22,India,16.34,10.75,13.38,9.72
Vermont,23,Spain,8.83,7.68,9.16,8.67
Vermont,24,Luxembourg,20.75,8.76,6.84,8.39
Vermont,25,Brazil,7.48,14.73,9.78,6.26
Washington,0,World,81629.98,90558.27,86378.71,79559.49
Washington,0,Top 25,69421.91,74795.26,74503.02,70160.12
Washington,1,China,16710.78,20693.34,19485.05,16129.78
Washington,2,Japan,7037.19,7366.06,6000.56,7134.36
Washington,3,Canada,8992.52,9297.59,8018.14,7035.41
Washington,4,United Arab Emirates,3870.31,3271.82,3211.21,4157.62
Washington,5,"Korea, South",2711.65,2752.33,4287.44,4155.01
Washington,6,United Kingdom,2702.49,2950.86,2541.13,3565.78
Washington,7,Taiwan,1443.33,2474.15,2757.84,3103.03
Washington,8,Saudi Arabia,1661.17,811.31,1875.63,2665.58
Washington,9,Netherlands,831.26,889.55,1679.04,2172.59
Washington,10,Turkey,547.61,1339.71,1921.6,2167.98
Washington,11,Mexico,3198.4,2735.15,1872.93,1973.12
Washington,12,Ireland,129.89,603.32,929.34,1941.72
Washington,13,Qatar,2193.55,2344,1809.01,1781.97
Washington,14,France,561.68,678.61,1389.86,1488.97
Washington,15,Philippines,1467.42,1119.18,1081.33,1423.13
Washington,16,Chile,1386.12,1102.45,3003.19,1253.32
Washington,17,Switzerland,70.87,73.21,226.86,1037.17
Washington,18,Russia,1544.94,2134.69,1597.43,1028.01
Washington,19,Hong Kong,2702.74,1968.61,1602.67,1006.63
Washington,20,Thailand,1346.57,1942.68,1859.78,949.66
Washington,21,Norway,1239.85,821.65,483.48,925.65
Washington,22,Singapore,1253.14,1714.46,2520.47,857.57
Washington,23,India,2220.2,2134.36,1150.56,816.18
Washington,24,Germany,2103.01,2060.91,1850.62,737.06
Washington,25,Australia,1495.22,1515.27,1347.83,652.86
Wisconsin,0,World,23110.47,23425.57,22438.28,21021.23
Wisconsin,0,Top 25,19879.25,20256.79,19732.37,18558.04
Wisconsin,1,Canada,7527.47,7952.8,7314.55,6607.17
Wisconsin,2,Mexico,2517.36,2836.18,2969.78,3051.77
Wisconsin,3,China,1658.63,1561.51,1544.13,1424.84
Wisconsin,4,Japan,933.8,895.93,815.13,862.02
Wisconsin,5,United Kingdom,678.77,848.99,825.28,813.33
Wisconsin,6,Germany,701.33,731.47,701.22,625.13
Wisconsin,7,Australia,675.96,604.91,584.56,558.08
Wisconsin,8,"Korea, South",431.06,472.47,505.88,478.39
Wisconsin,9,Saudi Arabia,396.17,368.49,597.48,465.26
Wisconsin,10,France,460.01,489.85,457.27,436.98
Wisconsin,11,Netherlands,378.82,426.98,392.7,402.34
Wisconsin,12,Belgium,384.73,332.45,431.29,384.28
Wisconsin,13,India,289.43,229.58,215.15,248.24
Wisconsin,14,Italy,279.18,309.01,311.76,242.09
Wisconsin,15,Brazil,477.21,515.46,402.62,236.1
Wisconsin,16,Hong Kong,250.1,250.97,236.92,230.1
Wisconsin,17,United Arab Emirates,393.69,170.28,178,221.79
Wisconsin,18,Thailand,203.4,210.79,214.42,213.22
Wisconsin,19,Singapore,259.15,245.65,221.18,201.16
Wisconsin,20,Taiwan,173.56,181.69,184.02,185.33
Wisconsin,21,Kuwait,23.35,20.47,57.69,165.15
Wisconsin,22,Chile,473.69,289.51,283.68,160.1
Wisconsin,23,Spain,86.82,105.84,99.24,118.16
Wisconsin,24,Ireland,85.31,82.93,74.5,113.53
Wisconsin,25,Malaysia,140.25,122.58,113.95,113.45
West Virginia,0,World,8731.72,7597.01,5833.11,5045.39
West Virginia,0,Top 25,8135.12,7065.75,5413.59,4781.3
West Virginia,1,Canada,1845.17,1971.21,1754.61,1536.92
West Virginia,2,China,625.67,556.29,456.31,465.18
West Virginia,3,Belgium,285.75,230.14,226.73,288.57
West Virginia,4,Brazil,519.09,475.79,308.29,264.4
West Virginia,5,Netherlands,714.53,613.56,401.18,252.68
West Virginia,6,"Korea, South",216.96,157.54,191.73,250.28
West Virginia,7,Japan,330.68,293.84,324.87,244.86
West Virginia,8,India,314.03,184.9,223.05,220.49
West Virginia,9,Mexico,323.66,238.86,184.37,179.46
West Virginia,10,Germany,289.86,259.05,190.15,166.4
West Virginia,11,Italy,473.01,424.46,176.85,127.92
West Virginia,12,Ukraine,293.57,275.6,221.08,119.86
West Virginia,13,United Kingdom,450.86,327.31,212.09,102.93
West Virginia,14,France,384.33,200.21,112.4,97.67
West Virginia,15,Turkey,331.83,189.94,64.33,88.07
West Virginia,16,Hong Kong,68.94,92.65,64.08,67.04
West Virginia,17,Spain,121.76,81.72,45.03,51.73
West Virginia,18,Singapore,62.21,46.92,45.36,47.19
West Virginia,19,Morocco,235.81,190.48,9.26,45.27
West Virginia,20,Thailand,26.28,40.21,38.16,39.79
West Virginia,21,Taiwan,43.04,48.51,34.05,29.59
West Virginia,22,Australia,39.27,52.62,33.49,27.42
West Virginia,23,Argentina,58.55,31.97,31.58,22.95
West Virginia,24,Switzerland,12.49,37.61,38.12,22.74
West Virginia,25,Croatia,67.77,44.35,26.41,21.89
Wyoming,0,World,1350.62,1757.26,1174.99,1098.11
Wyoming,0,Top 25,1245.21,1650.42,1091.13,1029.96
Wyoming,1,Brazil,134.52,152.84,194.78,189.27
Wyoming,2,Canada,375.23,727.35,191.97,186.19
Wyoming,3,Indonesia,73.63,85.61,81.24,79.29
Wyoming,4,Japan,44.48,67.6,63.58,52.61
Wyoming,5,United Kingdom,23.47,45.22,52.54,45.58
Wyoming,6,Chile,64.54,62,46.08,38.63
Wyoming,7,"Korea, South",60.86,48.36,37.4,37.55
Wyoming,8,Mexico,48.9,30.78,29.58,35.23
Wyoming,9,Australia,88.29,55.13,52.91,33.22
Wyoming,10,Vietnam,14.63,20.12,15.78,32.18
Wyoming,11,Saudi Arabia,26.17,27.72,43.37,31.73
Wyoming,12,China,15.15,19.01,12.23,31.49
Wyoming,13,Thailand,29.61,32.51,24.59,30.91
Wyoming,14,Argentina,17.84,18.55,18.57,26.27
Wyoming,15,Germany,1.02,8.33,14.88,22.39
Wyoming,16,Taiwan,35.03,40.53,40.01,22.18
Wyoming,17,Netherlands,41.56,24.93,19.89,22.07
Wyoming,18,Venezuela,47.22,43.83,34.81,18.66
Wyoming,19,Malaysia,16.18,12.02,5.67,16.2
Wyoming,20,South Africa,18.04,14.83,16.52,15.45
Wyoming,21,Colombia,19.28,40.66,24.2,14.66
Wyoming,22,India,0.47,11.22,6.55,12.91
Wyoming,23,United Arab Emirates,17.51,24.09,22.93,12.14
Wyoming,24,Tunisia,29.09,27.95,25.21,11.89
Wyoming,25,Belgium,2.48,9.21,15.84,11.28
Unidentified,0,World,47688.95,49023.85,46775.47,45767.93
Unidentified,0,Top 25,40115.03,41482.73,40033.97,39522.1
Unidentified,1,Canada,19648.41,20982.06,20755.99,21081.61
Unidentified,2,Mexico,6595.46,7024.47,6726.99,6462.26
Unidentified,3,United Kingdom,1231.03,1373.52,1471.77,1419.33
Unidentified,4,Germany,1061.84,1096.94,1115.4,1110.45
Unidentified,5,Australia,1046.49,1069.02,964.01,853.69
Unidentified,6,France,832.25,786.18,734.98,721.05
Unidentified,7,China,740.11,745.12,677.62,690.14
Unidentified,8,Japan,671.44,694.67,644.13,644.55
Unidentified,9,Singapore,734.01,721.03,614.28,606.09
Unidentified,10,Hong Kong,727.45,641.46,557.8,545.49
Unidentified,11,Netherlands,565.1,591.75,533.85,517.12
Unidentified,12,Switzerland,643.48,460.74,499.06,468.37
Unidentified,13,Gibraltar,1043.69,704.85,514.86,463.67
Unidentified,14,Brazil,620.19,608.69,449.81,430.76
Unidentified,15,Belgium,426.85,460.59,461.46,421.48
Unidentified,16,Chile,627.21,561.48,465.25,400.21
Unidentified,17,"Korea, South",378.58,414.69,387.45,369.2
Unidentified,18,Italy,376.33,366.41,364.08,364.49
Unidentified,19,United Arab Emirates,436.66,392.42,404.71,357.42
Unidentified,20,India,288.71,279.68,321.23,313.23
Unidentified,21,Taiwan,300.17,298.36,285.51,288.68
Unidentified,22,Colombia,375.76,415.11,337.49,263.76
Unidentified,23,Honduras,272.39,306.44,269.44,249.2
Unidentified,24,Israel,225.58,223.83,233.81,245.79
Unidentified,25,New Zealand,245.85,263.22,242.97,234.06
